episode_reward_max,episode_reward_min,episode_reward_mean,episode_len_mean,episodes_this_iter,episodes_timesteps_total,num_faulty_episodes,num_episodes,episode_return_max,episode_return_min,episode_return_mean,num_healthy_workers,num_in_flight_async_reqs,num_remote_worker_restarts,num_agent_steps_sampled,num_agent_steps_trained,num_env_steps_sampled,num_env_steps_trained,num_env_steps_sampled_this_iter,num_env_steps_trained_this_iter,num_env_steps_sampled_throughput_per_sec,num_env_steps_trained_throughput_per_sec,timesteps_total,num_env_steps_sampled_lifetime,num_agent_steps_sampled_lifetime,num_steps_trained_this_iter,agent_timesteps_total,done,episodes_total,training_iteration,trial_id,date,timestamp,time_this_iter_s,time_total_s,pid,hostname,node_ip,time_since_restore,iterations_since_restore,info/num_env_steps_sampled,info/num_env_steps_trained,info/num_agent_steps_sampled,info/num_agent_steps_trained,info/num_training_step_calls_since_last_synch_worker_weights,info/num_samples_added_to_queue,sampler_results/episode_reward_max,sampler_results/episode_reward_min,sampler_results/episode_reward_mean,sampler_results/episode_len_mean,sampler_results/episodes_this_iter,sampler_results/episodes_timesteps_total,sampler_results/num_faulty_episodes,sampler_results/num_episodes,sampler_results/episode_return_max,sampler_results/episode_return_min,sampler_results/episode_return_mean,env_runner_results/episode_reward_max,env_runner_results/episode_reward_min,env_runner_results/episode_reward_mean,env_runner_results/episode_len_mean,env_runner_results/episodes_this_iter,env_runner_results/episodes_timesteps_total,env_runner_results/num_faulty_episodes,env_runner_results/num_episodes,env_runner_results/episode_return_max,env_runner_results/episode_return_min,env_runner_results/episode_return_mean,hist_stats/episode_reward,hist_stats/episode_lengths,sampler_perf/mean_raw_obs_processing_ms,sampler_perf/mean_inference_ms,sampler_perf/mean_action_processing_ms,sampler_perf/mean_env_wait_ms,sampler_perf/mean_env_render_ms,connector_metrics/ObsPreprocessorConnector_ms,connector_metrics/StateBufferConnector_ms,connector_metrics/ViewRequirementAgentConnector_ms,timers/training_iteration_time_ms,timers/restore_workers_time_ms,timers/training_step_time_ms,timers/sample_time_ms,timers/synch_weights_time_ms,counters/num_env_steps_sampled,counters/num_env_steps_trained,counters/num_agent_steps_sampled,counters/num_agent_steps_trained,counters/num_training_step_calls_since_last_synch_worker_weights,counters/num_samples_added_to_queue,perf/cpu_util_percent,perf/ram_util_percent,info/learner_queue/size_count,info/learner_queue/size_mean,info/learner_queue/size_std,info/learner_queue/size_quantiles,info/timing_breakdown/learner_grad_time_ms,info/timing_breakdown/learner_load_time_ms,info/timing_breakdown/learner_load_wait_time_ms,info/timing_breakdown/learner_dequeue_time_ms,sampler_results/hist_stats/episode_reward,sampler_results/hist_stats/episode_lengths,sampler_results/sampler_perf/mean_raw_obs_processing_ms,sampler_results/sampler_perf/mean_inference_ms,sampler_results/sampler_perf/mean_action_processing_ms,sampler_results/sampler_perf/mean_env_wait_ms,sampler_results/sampler_perf/mean_env_render_ms,sampler_results/connector_metrics/ObsPreprocessorConnector_ms,sampler_results/connector_metrics/StateBufferConnector_ms,sampler_results/connector_metrics/ViewRequirementAgentConnector_ms,env_runner_results/hist_stats/episode_reward,env_runner_results/hist_stats/episode_lengths,env_runner_results/sampler_perf/mean_raw_obs_processing_ms,env_runner_results/sampler_perf/mean_inference_ms,env_runner_results/sampler_perf/mean_action_processing_ms,env_runner_results/sampler_perf/mean_env_wait_ms,env_runner_results/sampler_perf/mean_env_render_ms,env_runner_results/connector_metrics/ObsPreprocessorConnector_ms,env_runner_results/connector_metrics/StateBufferConnector_ms,env_runner_results/connector_metrics/ViewRequirementAgentConnector_ms,info/learner/default_policy/num_agent_steps_trained,info/learner/default_policy/num_grad_updates_lifetime,info/learner/default_policy/diff_num_grad_updates_vs_sampler_policy,info/learner/default_policy/learner_stats/allreduce_latency,info/learner/default_policy/learner_stats/grad_gnorm,info/learner/default_policy/learner_stats/cur_lr,info/learner/default_policy/learner_stats/total_loss,info/learner/default_policy/learner_stats/policy_loss,info/learner/default_policy/learner_stats/entropy,info/learner/default_policy/learner_stats/entropy_coeff,info/learner/default_policy/learner_stats/var_gnorm,info/learner/default_policy/learner_stats/vf_loss,info/learner/default_policy/learner_stats/vf_explained_var
365.0,258.0,314.0,100.0,19,1900,0,19,365.0,258.0,314.0,0,0,0,1900,1500,1900,1500,1900,1500,187.8613752089142,148.31161200703752,1900,1900,1900,1500,1900,False,19,1,default,2024-05-19_19-05-13,1716170713,10.113840579986572,10.113840579986572,23928,LAPTOP-Q8FAPJED,127.0.0.1,10.113840579986572,1,1900,1500,1900,1500,38,1500,365.0,258.0,314.0,100.0,19,1900,0,19,365.0,258.0,314.0,365.0,258.0,314.0,100.0,19,1900,0,19,365.0,258.0,314.0,"[302.0, 337.0, 301.0, 314.0, 293.0, 298.0, 365.0, 310.0, 274.0, 353.0, 258.0, 326.0, 349.0, 276.0, 313.0, 302.0, 293.0, 362.0, 340.0]","[100, 100, 100, 100, 100, 100, 100, 100, 100, 100, 100, 100, 100, 100, 100, 100, 100, 100, 100]",0.49541762852154553,4.3634308569685905,0.1310288812034322,0.2949540079549261,0.0,0.025997663799085115,0.0,0.146434181614926,10113.841,0.0,280.27,279.662,0.0,1900,1500,1900,1500,38,1500,6.3401993355481725,88.16744186046512,3,0.0,0.0,"[0.0, 0.0, 0.0, 0.0, 0.0]",81.0,0.0,70236.017,205519.62,"[302.0, 337.0, 301.0, 314.0, 293.0, 298.0, 365.0, 310.0, 274.0, 353.0, 258.0, 326.0, 349.0, 276.0, 313.0, 302.0, 293.0, 362.0, 340.0]","[100, 100, 100, 100, 100, 100, 100, 100, 100, 100, 100, 100, 100, 100, 100, 100, 100, 100, 100]",0.49541762852154553,4.3634308569685905,0.1310288812034322,0.2949540079549261,0.0,0.025997663799085115,0.0,0.146434181614926,"[302.0, 337.0, 301.0, 314.0, 293.0, 298.0, 365.0, 310.0, 274.0, 353.0, 258.0, 326.0, 349.0, 276.0, 313.0, 302.0, 293.0, 362.0, 340.0]","[100, 100, 100, 100, 100, 100, 100, 100, 100, 100, 100, 100, 100, 100, 100, 100, 100, 100, 100]",0.49541762852154553,4.3634308569685905,0.1310288812034322,0.2949540079549261,0.0,0.025997663799085115,0.0,0.146434181614926,500.0,3.0,0.0,0.0,40.0,0.0,993255.9375,75336.984375,2.0794284343719482,0.01,64.00000762939453,1835858.75,-1.537799835205078e-05
426.0,250.0,313.43243243243245,100.0,18,3700,0,18,426.0,250.0,313.43243243243245,0,0,0,3750,3500,3750,3500,1850,2000,180.12473666538898,194.7294450436638,3750,3750,3750,2000,3750,False,37,2,default,2024-05-19_19-05-23,1716170723,10.272209644317627,20.3860502243042,23928,LAPTOP-Q8FAPJED,127.0.0.1,20.3860502243042,2,3750,3500,3750,3500,75,3500,426.0,250.0,313.43243243243245,100.0,18,3700,0,18,426.0,250.0,313.43243243243245,426.0,250.0,313.43243243243245,100.0,18,3700,0,18,426.0,250.0,313.43243243243245,"[302.0, 337.0, 301.0, 314.0, 293.0, 298.0, 365.0, 310.0, 274.0, 353.0, 258.0, 326.0, 349.0, 276.0, 313.0, 302.0, 293.0, 362.0, 340.0, 276.0, 346.0, 261.0, 390.0, 402.0, 345.0, 250.0, 276.0, 265.0, 426.0, 281.0, 301.0, 250.0, 352.0, 319.0, 258.0, 347.0, 286.0]","[100, 100, 100, 100, 100, 100, 100, 100, 100, 100, 100, 100, 100, 100, 100, 100, 100, 100, 100, 100, 100, 100, 100, 100, 100, 100, 100, 100, 100, 100, 100, 100, 100, 100, 100, 100, 100]",0.5005130209640197,4.402343424131848,0.1412620055032418,0.2918040564297765,0.0,0.07279499157055004,0.0,0.15646895846805056,10192.25,0.0,295.062,293.699,0.0,3750,3500,3750,3500,75,3500,5.793333333333333,88.65333333333334,7,0.0,0.0,"[0.0, 0.0, 0.0, 0.0, 0.0]",85.902,0.0,31611.612,205519.62,"[302.0, 337.0, 301.0, 314.0, 293.0, 298.0, 365.0, 310.0, 274.0, 353.0, 258.0, 326.0, 349.0, 276.0, 313.0, 302.0, 293.0, 362.0, 340.0, 276.0, 346.0, 261.0, 390.0, 402.0, 345.0, 250.0, 276.0, 265.0, 426.0, 281.0, 301.0, 250.0, 352.0, 319.0, 258.0, 347.0, 286.0]","[100, 100, 100, 100, 100, 100, 100, 100, 100, 100, 100, 100, 100, 100, 100, 100, 100, 100, 100, 100, 100, 100, 100, 100, 100, 100, 100, 100, 100, 100, 100, 100, 100, 100, 100, 100, 100]",0.5005130209640197,4.402343424131848,0.1412620055032418,0.2918040564297765,0.0,0.07279499157055004,0.0,0.15646895846805056,"[302.0, 337.0, 301.0, 314.0, 293.0, 298.0, 365.0, 310.0, 274.0, 353.0, 258.0, 326.0, 349.0, 276.0, 313.0, 302.0, 293.0, 362.0, 340.0, 276.0, 346.0, 261.0, 390.0, 402.0, 345.0, 250.0, 276.0, 265.0, 426.0, 281.0, 301.0, 250.0, 352.0, 319.0, 258.0, 347.0, 286.0]","[100, 100, 100, 100, 100, 100, 100, 100, 100, 100, 100, 100, 100, 100, 100, 100, 100, 100, 100, 100, 100, 100, 100, 100, 100, 100, 100, 100, 100, 100, 100, 100, 100, 100, 100, 100, 100]",0.5005130209640197,4.402343424131848,0.1412620055032418,0.2918040564297765,0.0,0.07279499157055004,0.0,0.15646895846805056,500.0,7.0,0.0,0.0,40.0,0.0,940818.125,71565.9296875,2.0794286727905273,0.01,64.00000762939453,1738525.25,-6.9141387939453125e-06
426.0,250.0,316.8909090909091,100.0,18,5500,0,18,426.0,250.0,316.8909090909091,0,0,0,5550,5500,5550,5500,1800,2000,178.70307780557013,198.55897533952236,5550,5550,5550,2000,5550,False,55,3,default,2024-05-19_19-05-33,1716170733,10.074574947357178,30.460625171661377,23928,LAPTOP-Q8FAPJED,127.0.0.1,30.460625171661377,3,5550,5500,5550,5500,111,5500,426.0,250.0,316.8909090909091,100.0,18,5500,0,18,426.0,250.0,316.8909090909091,426.0,250.0,316.8909090909091,100.0,18,5500,0,18,426.0,250.0,316.8909090909091,"[302.0, 337.0, 301.0, 314.0, 293.0, 298.0, 365.0, 310.0, 274.0, 353.0, 258.0, 326.0, 349.0, 276.0, 313.0, 302.0, 293.0, 362.0, 340.0, 276.0, 346.0, 261.0, 390.0, 402.0, 345.0, 250.0, 276.0, 265.0, 426.0, 281.0, 301.0, 250.0, 352.0, 319.0, 258.0, 347.0, 286.0, 296.0, 329.0, 297.0, 291.0, 349.0, 324.0, 292.0, 274.0, 320.0, 350.0, 376.0, 359.0, 349.0, 343.0, 311.0, 326.0, 308.0, 338.0]","[100, 100, 100, 100, 100, 100, 100, 100, 100, 100, 100, 100, 100, 100, 100, 100, 100, 100, 100, 100, 100, 100, 100, 100, 100, 100, 100, 100, 100, 100, 100, 100, 100, 100, 100, 100, 100, 100, 100, 100, 100, 100, 100, 100, 100, 100, 100, 100, 100, 100, 100, 100, 100, 100, 100]",0.5054479488351328,4.426394211968974,0.14836754620782217,0.29112712502250454,0.0,0.04897117614746094,0.0,0.16371553594415839,10152.358,0.0,274.611,274.313,0.0,5550,5500,5550,5500,111,5500,5.835714285714286,88.53571428571429,11,0.0,0.0,"[0.0, 0.0, 0.0, 0.0, 0.0]",95.982,0.0,2678.415,205519.62,"[302.0, 337.0, 301.0, 314.0, 293.0, 298.0, 365.0, 310.0, 274.0, 353.0, 258.0, 326.0, 349.0, 276.0, 313.0, 302.0, 293.0, 362.0, 340.0, 276.0, 346.0, 261.0, 390.0, 402.0, 345.0, 250.0, 276.0, 265.0, 426.0, 281.0, 301.0, 250.0, 352.0, 319.0, 258.0, 347.0, 286.0, 296.0, 329.0, 297.0, 291.0, 349.0, 324.0, 292.0, 274.0, 320.0, 350.0, 376.0, 359.0, 349.0, 343.0, 311.0, 326.0, 308.0, 338.0]","[100, 100, 100, 100, 100, 100, 100, 100, 100, 100, 100, 100, 100, 100, 100, 100, 100, 100, 100, 100, 100, 100, 100, 100, 100, 100, 100, 100, 100, 100, 100, 100, 100, 100, 100, 100, 100, 100, 100, 100, 100, 100, 100, 100, 100, 100, 100, 100, 100, 100, 100, 100, 100, 100, 100]",0.5054479488351328,4.426394211968974,0.14836754620782217,0.29112712502250454,0.0,0.04897117614746094,0.0,0.16371553594415839,"[302.0, 337.0, 301.0, 314.0, 293.0, 298.0, 365.0, 310.0, 274.0, 353.0, 258.0, 326.0, 349.0, 276.0, 313.0, 302.0, 293.0, 362.0, 340.0, 276.0, 346.0, 261.0, 390.0, 402.0, 345.0, 250.0, 276.0, 265.0, 426.0, 281.0, 301.0, 250.0, 352.0, 319.0, 258.0, 347.0, 286.0, 296.0, 329.0, 297.0, 291.0, 349.0, 324.0, 292.0, 274.0, 320.0, 350.0, 376.0, 359.0, 349.0, 343.0, 311.0, 326.0, 308.0, 338.0]","[100, 100, 100, 100, 100, 100, 100, 100, 100, 100, 100, 100, 100, 100, 100, 100, 100, 100, 100, 100, 100, 100, 100, 100, 100, 100, 100, 100, 100, 100, 100, 100, 100, 100, 100, 100, 100, 100, 100, 100, 100, 100, 100, 100, 100, 100, 100, 100, 100, 100, 100, 100, 100, 100, 100]",0.5054479488351328,4.426394211968974,0.14836754620782217,0.29112712502250454,0.0,0.04897117614746094,0.0,0.16371553594415839,500.0,11.0,0.0,0.0,40.0,0.0,1041235.375,76190.890625,2.07942795753479,0.01,64.00000762939453,1930109.75,3.933906555175781e-06
426.0,250.0,316.1216216216216,100.0,19,7400,0,19,426.0,250.0,316.1216216216216,0,0,0,7450,7000,7450,7000,1900,1500,185.47410969232953,146.4269287044707,7450,7450,7450,1500,7450,False,74,4,default,2024-05-19_19-05-43,1716170743,10.244017362594604,40.70464253425598,23928,LAPTOP-Q8FAPJED,127.0.0.1,40.70464253425598,4,7450,7000,7450,7000,149,7000,426.0,250.0,316.1216216216216,100.0,19,7400,0,19,426.0,250.0,316.1216216216216,426.0,250.0,316.1216216216216,100.0,19,7400,0,19,426.0,250.0,316.1216216216216,"[302.0, 337.0, 301.0, 314.0, 293.0, 298.0, 365.0, 310.0, 274.0, 353.0, 258.0, 326.0, 349.0, 276.0, 313.0, 302.0, 293.0, 362.0, 340.0, 276.0, 346.0, 261.0, 390.0, 402.0, 345.0, 250.0, 276.0, 265.0, 426.0, 281.0, 301.0, 250.0, 352.0, 319.0, 258.0, 347.0, 286.0, 296.0, 329.0, 297.0, 291.0, 349.0, 324.0, 292.0, 274.0, 320.0, 350.0, 376.0, 359.0, 349.0, 343.0, 311.0, 326.0, 308.0, 338.0, 291.0, 360.0, 318.0, 258.0, 292.0, 302.0, 277.0, 292.0, 336.0, 295.0, 271.0, 305.0, 274.0, 368.0, 326.0, 397.0, 336.0, 387.0, 279.0]","[100, 100, 100, 100, 100, 100, 100, 100, 100, 100, 100, 100, 100, 100, 100, 100, 100, 100, 100, 100, 100, 100, 100, 100, 100, 100, 100, 100, 100, 100, 100, 100, 100, 100, 100, 100, 100, 100, 100, 100, 100, 100, 100, 100, 100, 100, 100, 100, 100, 100, 100, 100, 100, 100, 100, 100, 100, 100, 100, 100, 100, 100, 100, 100, 100, 100, 100, 100, 100, 100, 100, 100, 100, 100]",0.506178637132681,4.4341185107259005,0.15048296466504607,0.2923568197723704,0.0,0.03895308520342853,0.0015094473555281355,0.15209301097972974,10175.273,0.0,265.336,264.823,0.0,7450,7000,7450,7000,149,7000,5.828571428571428,88.49285714285715,14,0.0,0.0,"[0.0, 0.0, 0.0, 0.0, 0.0]",106.911,0.0,2672.416,205519.62,"[302.0, 337.0, 301.0, 314.0, 293.0, 298.0, 365.0, 310.0, 274.0, 353.0, 258.0, 326.0, 349.0, 276.0, 313.0, 302.0, 293.0, 362.0, 340.0, 276.0, 346.0, 261.0, 390.0, 402.0, 345.0, 250.0, 276.0, 265.0, 426.0, 281.0, 301.0, 250.0, 352.0, 319.0, 258.0, 347.0, 286.0, 296.0, 329.0, 297.0, 291.0, 349.0, 324.0, 292.0, 274.0, 320.0, 350.0, 376.0, 359.0, 349.0, 343.0, 311.0, 326.0, 308.0, 338.0, 291.0, 360.0, 318.0, 258.0, 292.0, 302.0, 277.0, 292.0, 336.0, 295.0, 271.0, 305.0, 274.0, 368.0, 326.0, 397.0, 336.0, 387.0, 279.0]","[100, 100, 100, 100, 100, 100, 100, 100, 100, 100, 100, 100, 100, 100, 100, 100, 100, 100, 100, 100, 100, 100, 100, 100, 100, 100, 100, 100, 100, 100, 100, 100, 100, 100, 100, 100, 100, 100, 100, 100, 100, 100, 100, 100, 100, 100, 100, 100, 100, 100, 100, 100, 100, 100, 100, 100, 100, 100, 100, 100, 100, 100, 100, 100, 100, 100, 100, 100, 100, 100, 100, 100, 100, 100]",0.506178637132681,4.4341185107259005,0.15048296466504607,0.2923568197723704,0.0,0.03895308520342853,0.0015094473555281355,0.15209301097972974,"[302.0, 337.0, 301.0, 314.0, 293.0, 298.0, 365.0, 310.0, 274.0, 353.0, 258.0, 326.0, 349.0, 276.0, 313.0, 302.0, 293.0, 362.0, 340.0, 276.0, 346.0, 261.0, 390.0, 402.0, 345.0, 250.0, 276.0, 265.0, 426.0, 281.0, 301.0, 250.0, 352.0, 319.0, 258.0, 347.0, 286.0, 296.0, 329.0, 297.0, 291.0, 349.0, 324.0, 292.0, 274.0, 320.0, 350.0, 376.0, 359.0, 349.0, 343.0, 311.0, 326.0, 308.0, 338.0, 291.0, 360.0, 318.0, 258.0, 292.0, 302.0, 277.0, 292.0, 336.0, 295.0, 271.0, 305.0, 274.0, 368.0, 326.0, 397.0, 336.0, 387.0, 279.0]","[100, 100, 100, 100, 100, 100, 100, 100, 100, 100, 100, 100, 100, 100, 100, 100, 100, 100, 100, 100, 100, 100, 100, 100, 100, 100, 100, 100, 100, 100, 100, 100, 100, 100, 100, 100, 100, 100, 100, 100, 100, 100, 100, 100, 100, 100, 100, 100, 100, 100, 100, 100, 100, 100, 100, 100, 100, 100, 100, 100, 100, 100, 100, 100, 100, 100, 100, 100, 100, 100, 100, 100, 100, 100]",0.506178637132681,4.4341185107259005,0.15048296466504607,0.2923568197723704,0.0,0.03895308520342853,0.0015094473555281355,0.15209301097972974,500.0,14.0,0.0,0.0,40.0,0.0,1013334.1875,74801.7109375,2.079428195953369,0.01,64.00000762939453,1877085.75,7.212162017822266e-06
433.0,250.0,322.494623655914,100.0,19,9300,0,19,433.0,250.0,322.494623655914,0,0,0,9300,9000,9300,9000,1850,2000,181.67656899883352,196.40710162036055,9300,9300,9300,2000,9300,False,93,5,default,2024-05-19_19-05-54,1716170754,10.18393087387085,50.88857340812683,23928,LAPTOP-Q8FAPJED,127.0.0.1,50.88857340812683,5,9300,9000,9300,9000,186,9000,433.0,250.0,322.494623655914,100.0,19,9300,0,19,433.0,250.0,322.494623655914,433.0,250.0,322.494623655914,100.0,19,9300,0,19,433.0,250.0,322.494623655914,"[302.0, 337.0, 301.0, 314.0, 293.0, 298.0, 365.0, 310.0, 274.0, 353.0, 258.0, 326.0, 349.0, 276.0, 313.0, 302.0, 293.0, 362.0, 340.0, 276.0, 346.0, 261.0, 390.0, 402.0, 345.0, 250.0, 276.0, 265.0, 426.0, 281.0, 301.0, 250.0, 352.0, 319.0, 258.0, 347.0, 286.0, 296.0, 329.0, 297.0, 291.0, 349.0, 324.0, 292.0, 274.0, 320.0, 350.0, 376.0, 359.0, 349.0, 343.0, 311.0, 326.0, 308.0, 338.0, 291.0, 360.0, 318.0, 258.0, 292.0, 302.0, 277.0, 292.0, 336.0, 295.0, 271.0, 305.0, 274.0, 368.0, 326.0, 397.0, 336.0, 387.0, 279.0, 345.0, 304.0, 327.0, 348.0, 331.0, 358.0, 354.0, 371.0, 274.0, 410.0, 313.0, 345.0, 263.0, 351.0, 328.0, 433.0, 386.0, 396.0, 362.0]","[100, 100, 100, 100, 100, 100, 100, 100, 100, 100, 100, 100, 100, 100, 100, 100, 100, 100, 100, 100, 100, 100, 100, 100, 100, 100, 100, 100, 100, 100, 100, 100, 100, 100, 100, 100, 100, 100, 100, 100, 100, 100, 100, 100, 100, 100, 100, 100, 100, 100, 100, 100, 100, 100, 100, 100, 100, 100, 100, 100, 100, 100, 100, 100, 100, 100, 100, 100, 100, 100, 100, 100, 100, 100, 100, 100, 100, 100, 100, 100, 100, 100, 100, 100, 100, 100, 100, 100, 100, 100, 100, 100, 100]",0.5071472906677109,4.436870584724947,0.15318332414389524,0.29495250565877434,0.0,0.03921062715591923,0.001201065637732065,0.1534664502707861,10176.805,0.0,255.937,255.623,0.0,9300,9000,9300,9000,186,9000,5.873333333333334,88.33333333333331,18,0.0,0.0,"[0.0, 0.0, 0.0, 0.0, 0.0]",98.775,0.0,2671.387,124861.988,"[302.0, 337.0, 301.0, 314.0, 293.0, 298.0, 365.0, 310.0, 274.0, 353.0, 258.0, 326.0, 349.0, 276.0, 313.0, 302.0, 293.0, 362.0, 340.0, 276.0, 346.0, 261.0, 390.0, 402.0, 345.0, 250.0, 276.0, 265.0, 426.0, 281.0, 301.0, 250.0, 352.0, 319.0, 258.0, 347.0, 286.0, 296.0, 329.0, 297.0, 291.0, 349.0, 324.0, 292.0, 274.0, 320.0, 350.0, 376.0, 359.0, 349.0, 343.0, 311.0, 326.0, 308.0, 338.0, 291.0, 360.0, 318.0, 258.0, 292.0, 302.0, 277.0, 292.0, 336.0, 295.0, 271.0, 305.0, 274.0, 368.0, 326.0, 397.0, 336.0, 387.0, 279.0, 345.0, 304.0, 327.0, 348.0, 331.0, 358.0, 354.0, 371.0, 274.0, 410.0, 313.0, 345.0, 263.0, 351.0, 328.0, 433.0, 386.0, 396.0, 362.0]","[100, 100, 100, 100, 100, 100, 100, 100, 100, 100, 100, 100, 100, 100, 100, 100, 100, 100, 100, 100, 100, 100, 100, 100, 100, 100, 100, 100, 100, 100, 100, 100, 100, 100, 100, 100, 100, 100, 100, 100, 100, 100, 100, 100, 100, 100, 100, 100, 100, 100, 100, 100, 100, 100, 100, 100, 100, 100, 100, 100, 100, 100, 100, 100, 100, 100, 100, 100, 100, 100, 100, 100, 100, 100, 100, 100, 100, 100, 100, 100, 100, 100, 100, 100, 100, 100, 100, 100, 100, 100, 100, 100, 100]",0.5071472906677109,4.436870584724947,0.15318332414389524,0.29495250565877434,0.0,0.03921062715591923,0.001201065637732065,0.1534664502707861,"[302.0, 337.0, 301.0, 314.0, 293.0, 298.0, 365.0, 310.0, 274.0, 353.0, 258.0, 326.0, 349.0, 276.0, 313.0, 302.0, 293.0, 362.0, 340.0, 276.0, 346.0, 261.0, 390.0, 402.0, 345.0, 250.0, 276.0, 265.0, 426.0, 281.0, 301.0, 250.0, 352.0, 319.0, 258.0, 347.0, 286.0, 296.0, 329.0, 297.0, 291.0, 349.0, 324.0, 292.0, 274.0, 320.0, 350.0, 376.0, 359.0, 349.0, 343.0, 311.0, 326.0, 308.0, 338.0, 291.0, 360.0, 318.0, 258.0, 292.0, 302.0, 277.0, 292.0, 336.0, 295.0, 271.0, 305.0, 274.0, 368.0, 326.0, 397.0, 336.0, 387.0, 279.0, 345.0, 304.0, 327.0, 348.0, 331.0, 358.0, 354.0, 371.0, 274.0, 410.0, 313.0, 345.0, 263.0, 351.0, 328.0, 433.0, 386.0, 396.0, 362.0]","[100, 100, 100, 100, 100, 100, 100, 100, 100, 100, 100, 100, 100, 100, 100, 100, 100, 100, 100, 100, 100, 100, 100, 100, 100, 100, 100, 100, 100, 100, 100, 100, 100, 100, 100, 100, 100, 100, 100, 100, 100, 100, 100, 100, 100, 100, 100, 100, 100, 100, 100, 100, 100, 100, 100, 100, 100, 100, 100, 100, 100, 100, 100, 100, 100, 100, 100, 100, 100, 100, 100, 100, 100, 100, 100, 100, 100, 100, 100, 100, 100, 100, 100, 100, 100, 100, 100, 100, 100, 100, 100, 100, 100]",0.5071472906677109,4.436870584724947,0.15318332414389524,0.29495250565877434,0.0,0.03921062715591923,0.001201065637732065,0.1534664502707861,500.0,18.0,0.0,0.0,40.0,0.0,1239615.625,84848.4140625,2.079428195953369,0.01,64.00000762939453,2309555.25,-6.67572021484375e-06
433.0,250.0,327.15,100.0,18,10000,0,18,433.0,250.0,327.15,0,0,0,11150,11000,11150,11000,1850,2000,181.84451104622582,196.58866059051442,11150,11150,11150,2000,11150,False,111,6,default,2024-05-19_19-06-04,1716170764,10.174522399902344,61.063095808029175,23928,LAPTOP-Q8FAPJED,127.0.0.1,61.063095808029175,6,11150,11000,11150,11000,223,11000,433.0,250.0,327.15,100.0,18,10000,0,18,433.0,250.0,327.15,433.0,250.0,327.15,100.0,18,10000,0,18,433.0,250.0,327.15,"[326.0, 349.0, 276.0, 313.0, 302.0, 293.0, 362.0, 340.0, 276.0, 346.0, 261.0, 390.0, 402.0, 345.0, 250.0, 276.0, 265.0, 426.0, 281.0, 301.0, 250.0, 352.0, 319.0, 258.0, 347.0, 286.0, 296.0, 329.0, 297.0, 291.0, 349.0, 324.0, 292.0, 274.0, 320.0, 350.0, 376.0, 359.0, 349.0, 343.0, 311.0, 326.0, 308.0, 338.0, 291.0, 360.0, 318.0, 258.0, 292.0, 302.0, 277.0, 292.0, 336.0, 295.0, 271.0, 305.0, 274.0, 368.0, 326.0, 397.0, 336.0, 387.0, 279.0, 345.0, 304.0, 327.0, 348.0, 331.0, 358.0, 354.0, 371.0, 274.0, 410.0, 313.0, 345.0, 263.0, 351.0, 328.0, 433.0, 386.0, 396.0, 362.0, 348.0, 361.0, 395.0, 350.0, 333.0, 362.0, 324.0, 350.0, 353.0, 297.0, 373.0, 315.0, 287.0, 361.0, 327.0, 378.0, 294.0, 320.0]","[100, 100, 100, 100, 100, 100, 100, 100, 100, 100, 100, 100, 100, 100, 100, 100, 100, 100, 100, 100, 100, 100, 100, 100, 100, 100, 100, 100, 100, 100, 100, 100, 100, 100, 100, 100, 100, 100, 100, 100, 100, 100, 100, 100, 100, 100, 100, 100, 100, 100, 100, 100, 100, 100, 100, 100, 100, 100, 100, 100, 100, 100, 100, 100, 100, 100, 100, 100, 100, 100, 100, 100, 100, 100, 100, 100, 100, 100, 100, 100, 100, 100, 100, 100, 100, 100, 100, 100, 100, 100, 100, 100, 100, 100, 100, 100, 100, 100, 100, 100]",0.5081370936590077,4.449894592628388,0.15619876816925868,0.29744931065886787,0.0,0.05224180221557617,0.0021636486053466797,0.14719247817993164,10176.258,0.0,241.56,241.246,0.0,11150,11000,11150,11000,223,11000,5.842857142857143,88.52857142857144,22,0.0,0.0,"[0.0, 0.0, 0.0, 0.0, 0.0]",87.746,0.0,2660.418,124861.988,"[326.0, 349.0, 276.0, 313.0, 302.0, 293.0, 362.0, 340.0, 276.0, 346.0, 261.0, 390.0, 402.0, 345.0, 250.0, 276.0, 265.0, 426.0, 281.0, 301.0, 250.0, 352.0, 319.0, 258.0, 347.0, 286.0, 296.0, 329.0, 297.0, 291.0, 349.0, 324.0, 292.0, 274.0, 320.0, 350.0, 376.0, 359.0, 349.0, 343.0, 311.0, 326.0, 308.0, 338.0, 291.0, 360.0, 318.0, 258.0, 292.0, 302.0, 277.0, 292.0, 336.0, 295.0, 271.0, 305.0, 274.0, 368.0, 326.0, 397.0, 336.0, 387.0, 279.0, 345.0, 304.0, 327.0, 348.0, 331.0, 358.0, 354.0, 371.0, 274.0, 410.0, 313.0, 345.0, 263.0, 351.0, 328.0, 433.0, 386.0, 396.0, 362.0, 348.0, 361.0, 395.0, 350.0, 333.0, 362.0, 324.0, 350.0, 353.0, 297.0, 373.0, 315.0, 287.0, 361.0, 327.0, 378.0, 294.0, 320.0]","[100, 100, 100, 100, 100, 100, 100, 100, 100, 100, 100, 100, 100, 100, 100, 100, 100, 100, 100, 100, 100, 100, 100, 100, 100, 100, 100, 100, 100, 100, 100, 100, 100, 100, 100, 100, 100, 100, 100, 100, 100, 100, 100, 100, 100, 100, 100, 100, 100, 100, 100, 100, 100, 100, 100, 100, 100, 100, 100, 100, 100, 100, 100, 100, 100, 100, 100, 100, 100, 100, 100, 100, 100, 100, 100, 100, 100, 100, 100, 100, 100, 100, 100, 100, 100, 100, 100, 100, 100, 100, 100, 100, 100, 100, 100, 100, 100, 100, 100, 100]",0.5081370936590077,4.449894592628388,0.15619876816925868,0.29744931065886787,0.0,0.05224180221557617,0.0021636486053466797,0.14719247817993164,"[326.0, 349.0, 276.0, 313.0, 302.0, 293.0, 362.0, 340.0, 276.0, 346.0, 261.0, 390.0, 402.0, 345.0, 250.0, 276.0, 265.0, 426.0, 281.0, 301.0, 250.0, 352.0, 319.0, 258.0, 347.0, 286.0, 296.0, 329.0, 297.0, 291.0, 349.0, 324.0, 292.0, 274.0, 320.0, 350.0, 376.0, 359.0, 349.0, 343.0, 311.0, 326.0, 308.0, 338.0, 291.0, 360.0, 318.0, 258.0, 292.0, 302.0, 277.0, 292.0, 336.0, 295.0, 271.0, 305.0, 274.0, 368.0, 326.0, 397.0, 336.0, 387.0, 279.0, 345.0, 304.0, 327.0, 348.0, 331.0, 358.0, 354.0, 371.0, 274.0, 410.0, 313.0, 345.0, 263.0, 351.0, 328.0, 433.0, 386.0, 396.0, 362.0, 348.0, 361.0, 395.0, 350.0, 333.0, 362.0, 324.0, 350.0, 353.0, 297.0, 373.0, 315.0, 287.0, 361.0, 327.0, 378.0, 294.0, 320.0]","[100, 100, 100, 100, 100, 100, 100, 100, 100, 100, 100, 100, 100, 100, 100, 100, 100, 100, 100, 100, 100, 100, 100, 100, 100, 100, 100, 100, 100, 100, 100, 100, 100, 100, 100, 100, 100, 100, 100, 100, 100, 100, 100, 100, 100, 100, 100, 100, 100, 100, 100, 100, 100, 100, 100, 100, 100, 100, 100, 100, 100, 100, 100, 100, 100, 100, 100, 100, 100, 100, 100, 100, 100, 100, 100, 100, 100, 100, 100, 100, 100, 100, 100, 100, 100, 100, 100, 100, 100, 100, 100, 100, 100, 100, 100, 100, 100, 100, 100, 100]",0.5081370936590077,4.449894592628388,0.15619876816925868,0.29744931065886787,0.0,0.05224180221557617,0.0021636486053466797,0.14719247817993164,500.0,22.0,0.0,0.0,40.0,0.0,1054816.0,76050.390625,2.07942795753479,0.01,64.00000762939453,1957552.0,-1.2278556823730469e-05
433.0,250.0,325.92,100.0,18,10000,0,18,433.0,250.0,325.92,0,0,0,12950,12500,12950,12500,1800,1500,175.9211440504774,146.60095337539784,12950,12950,12950,1500,12950,False,129,7,default,2024-05-19_19-06-14,1716170774,10.231857061386108,71.29495286941528,23928,LAPTOP-Q8FAPJED,127.0.0.1,71.29495286941528,7,12950,12500,12950,12500,259,12500,433.0,250.0,325.92,100.0,18,10000,0,18,433.0,250.0,325.92,433.0,250.0,325.92,100.0,18,10000,0,18,433.0,250.0,325.92,"[281.0, 301.0, 250.0, 352.0, 319.0, 258.0, 347.0, 286.0, 296.0, 329.0, 297.0, 291.0, 349.0, 324.0, 292.0, 274.0, 320.0, 350.0, 376.0, 359.0, 349.0, 343.0, 311.0, 326.0, 308.0, 338.0, 291.0, 360.0, 318.0, 258.0, 292.0, 302.0, 277.0, 292.0, 336.0, 295.0, 271.0, 305.0, 274.0, 368.0, 326.0, 397.0, 336.0, 387.0, 279.0, 345.0, 304.0, 327.0, 348.0, 331.0, 358.0, 354.0, 371.0, 274.0, 410.0, 313.0, 345.0, 263.0, 351.0, 328.0, 433.0, 386.0, 396.0, 362.0, 348.0, 361.0, 395.0, 350.0, 333.0, 362.0, 324.0, 350.0, 353.0, 297.0, 373.0, 315.0, 287.0, 361.0, 327.0, 378.0, 294.0, 320.0, 324.0, 390.0, 279.0, 300.0, 279.0, 332.0, 345.0, 285.0, 273.0, 251.0, 418.0, 332.0, 301.0, 336.0, 261.0, 309.0, 317.0, 343.0]","[100, 100, 100, 100, 100, 100, 100, 100, 100, 100, 100, 100, 100, 100, 100, 100, 100, 100, 100, 100, 100, 100, 100, 100, 100, 100, 100, 100, 100, 100, 100, 100, 100, 100, 100, 100, 100, 100, 100, 100, 100, 100, 100, 100, 100, 100, 100, 100, 100, 100, 100, 100, 100, 100, 100, 100, 100, 100, 100, 100, 100, 100, 100, 100, 100, 100, 100, 100, 100, 100, 100, 100, 100, 100, 100, 100, 100, 100, 100, 100, 100, 100, 100, 100, 100, 100, 100, 100, 100, 100, 100, 100, 100, 100, 100, 100, 100, 100, 100, 100]",0.5095963063115458,4.463166880709045,0.159708354173576,0.3006275008560708,0.0,0.05310821533203125,0.0021636486053466797,0.14351463317871094,10184.201,0.0,272.492,272.191,0.0,12950,12500,12950,12500,259,12500,5.459999999999999,88.07333333333332,25,0.0,0.0,"[0.0, 0.0, 0.0, 0.0, 0.0]",86.901,0.0,2708.107,124861.988,"[281.0, 301.0, 250.0, 352.0, 319.0, 258.0, 347.0, 286.0, 296.0, 329.0, 297.0, 291.0, 349.0, 324.0, 292.0, 274.0, 320.0, 350.0, 376.0, 359.0, 349.0, 343.0, 311.0, 326.0, 308.0, 338.0, 291.0, 360.0, 318.0, 258.0, 292.0, 302.0, 277.0, 292.0, 336.0, 295.0, 271.0, 305.0, 274.0, 368.0, 326.0, 397.0, 336.0, 387.0, 279.0, 345.0, 304.0, 327.0, 348.0, 331.0, 358.0, 354.0, 371.0, 274.0, 410.0, 313.0, 345.0, 263.0, 351.0, 328.0, 433.0, 386.0, 396.0, 362.0, 348.0, 361.0, 395.0, 350.0, 333.0, 362.0, 324.0, 350.0, 353.0, 297.0, 373.0, 315.0, 287.0, 361.0, 327.0, 378.0, 294.0, 320.0, 324.0, 390.0, 279.0, 300.0, 279.0, 332.0, 345.0, 285.0, 273.0, 251.0, 418.0, 332.0, 301.0, 336.0, 261.0, 309.0, 317.0, 343.0]","[100, 100, 100, 100, 100, 100, 100, 100, 100, 100, 100, 100, 100, 100, 100, 100, 100, 100, 100, 100, 100, 100, 100, 100, 100, 100, 100, 100, 100, 100, 100, 100, 100, 100, 100, 100, 100, 100, 100, 100, 100, 100, 100, 100, 100, 100, 100, 100, 100, 100, 100, 100, 100, 100, 100, 100, 100, 100, 100, 100, 100, 100, 100, 100, 100, 100, 100, 100, 100, 100, 100, 100, 100, 100, 100, 100, 100, 100, 100, 100, 100, 100, 100, 100, 100, 100, 100, 100, 100, 100, 100, 100, 100, 100, 100, 100, 100, 100, 100, 100]",0.5095963063115458,4.463166880709045,0.159708354173576,0.3006275008560708,0.0,0.05310821533203125,0.0021636486053466797,0.14351463317871094,"[281.0, 301.0, 250.0, 352.0, 319.0, 258.0, 347.0, 286.0, 296.0, 329.0, 297.0, 291.0, 349.0, 324.0, 292.0, 274.0, 320.0, 350.0, 376.0, 359.0, 349.0, 343.0, 311.0, 326.0, 308.0, 338.0, 291.0, 360.0, 318.0, 258.0, 292.0, 302.0, 277.0, 292.0, 336.0, 295.0, 271.0, 305.0, 274.0, 368.0, 326.0, 397.0, 336.0, 387.0, 279.0, 345.0, 304.0, 327.0, 348.0, 331.0, 358.0, 354.0, 371.0, 274.0, 410.0, 313.0, 345.0, 263.0, 351.0, 328.0, 433.0, 386.0, 396.0, 362.0, 348.0, 361.0, 395.0, 350.0, 333.0, 362.0, 324.0, 350.0, 353.0, 297.0, 373.0, 315.0, 287.0, 361.0, 327.0, 378.0, 294.0, 320.0, 324.0, 390.0, 279.0, 300.0, 279.0, 332.0, 345.0, 285.0, 273.0, 251.0, 418.0, 332.0, 301.0, 336.0, 261.0, 309.0, 317.0, 343.0]","[100, 100, 100, 100, 100, 100, 100, 100, 100, 100, 100, 100, 100, 100, 100, 100, 100, 100, 100, 100, 100, 100, 100, 100, 100, 100, 100, 100, 100, 100, 100, 100, 100, 100, 100, 100, 100, 100, 100, 100, 100, 100, 100, 100, 100, 100, 100, 100, 100, 100, 100, 100, 100, 100, 100, 100, 100, 100, 100, 100, 100, 100, 100, 100, 100, 100, 100, 100, 100, 100, 100, 100, 100, 100, 100, 100, 100, 100, 100, 100, 100, 100, 100, 100, 100, 100, 100, 100, 100, 100, 100, 100, 100, 100, 100, 100, 100, 100, 100, 100]",0.5095963063115458,4.463166880709045,0.159708354173576,0.3006275008560708,0.0,0.05310821533203125,0.0021636486053466797,0.14351463317871094,500.0,25.0,0.0,0.0,40.0,0.0,1126005.625,78656.34375,2.0794284343719482,0.01,64.00000762939453,2094719.25,1.245737075805664e-05
433.0,239.0,327.95,100.0,20,10000,0,20,433.0,239.0,327.95,0,0,0,14900,14500,14900,14500,1950,2000,191.99292844555825,196.9158240467264,14900,14900,14900,2000,14900,False,149,8,default,2024-05-19_19-06-24,1716170784,10.15662407875061,81.4515769481659,23928,LAPTOP-Q8FAPJED,127.0.0.1,81.4515769481659,8,14900,14500,14900,14500,298,14500,433.0,239.0,327.95,100.0,20,10000,0,20,433.0,239.0,327.95,433.0,239.0,327.95,100.0,20,10000,0,20,433.0,239.0,327.95,"[349.0, 343.0, 311.0, 326.0, 308.0, 338.0, 291.0, 360.0, 318.0, 258.0, 292.0, 302.0, 277.0, 292.0, 336.0, 295.0, 271.0, 305.0, 274.0, 368.0, 326.0, 397.0, 336.0, 387.0, 279.0, 345.0, 304.0, 327.0, 348.0, 331.0, 358.0, 354.0, 371.0, 274.0, 410.0, 313.0, 345.0, 263.0, 351.0, 328.0, 433.0, 386.0, 396.0, 362.0, 348.0, 361.0, 395.0, 350.0, 333.0, 362.0, 324.0, 350.0, 353.0, 297.0, 373.0, 315.0, 287.0, 361.0, 327.0, 378.0, 294.0, 320.0, 324.0, 390.0, 279.0, 300.0, 279.0, 332.0, 345.0, 285.0, 273.0, 251.0, 418.0, 332.0, 301.0, 336.0, 261.0, 309.0, 317.0, 343.0, 315.0, 368.0, 283.0, 395.0, 341.0, 264.0, 274.0, 396.0, 345.0, 326.0, 362.0, 320.0, 400.0, 274.0, 314.0, 271.0, 319.0, 239.0, 354.0, 294.0]","[100, 100, 100, 100, 100, 100, 100, 100, 100, 100, 100, 100, 100, 100, 100, 100, 100, 100, 100, 100, 100, 100, 100, 100, 100, 100, 100, 100, 100, 100, 100, 100, 100, 100, 100, 100, 100, 100, 100, 100, 100, 100, 100, 100, 100, 100, 100, 100, 100, 100, 100, 100, 100, 100, 100, 100, 100, 100, 100, 100, 100, 100, 100, 100, 100, 100, 100, 100, 100, 100, 100, 100, 100, 100, 100, 100, 100, 100, 100, 100, 100, 100, 100, 100, 100, 100, 100, 100, 100, 100, 100, 100, 100, 100, 100, 100, 100, 100, 100, 100]",0.5088091935594619,4.460636957235523,0.16055952361180012,0.3034833295101351,0.0,0.0353388786315918,0.01012873649597168,0.15186023712158203,10180.754,0.0,297.502,295.786,0.0,14900,14500,14900,14500,298,14500,5.25,88.2214285714286,29,0.0,0.0,"[0.0, 0.0, 0.0, 0.0, 0.0]",83.557,0.0,2636.998,124861.988,"[349.0, 343.0, 311.0, 326.0, 308.0, 338.0, 291.0, 360.0, 318.0, 258.0, 292.0, 302.0, 277.0, 292.0, 336.0, 295.0, 271.0, 305.0, 274.0, 368.0, 326.0, 397.0, 336.0, 387.0, 279.0, 345.0, 304.0, 327.0, 348.0, 331.0, 358.0, 354.0, 371.0, 274.0, 410.0, 313.0, 345.0, 263.0, 351.0, 328.0, 433.0, 386.0, 396.0, 362.0, 348.0, 361.0, 395.0, 350.0, 333.0, 362.0, 324.0, 350.0, 353.0, 297.0, 373.0, 315.0, 287.0, 361.0, 327.0, 378.0, 294.0, 320.0, 324.0, 390.0, 279.0, 300.0, 279.0, 332.0, 345.0, 285.0, 273.0, 251.0, 418.0, 332.0, 301.0, 336.0, 261.0, 309.0, 317.0, 343.0, 315.0, 368.0, 283.0, 395.0, 341.0, 264.0, 274.0, 396.0, 345.0, 326.0, 362.0, 320.0, 400.0, 274.0, 314.0, 271.0, 319.0, 239.0, 354.0, 294.0]","[100, 100, 100, 100, 100, 100, 100, 100, 100, 100, 100, 100, 100, 100, 100, 100, 100, 100, 100, 100, 100, 100, 100, 100, 100, 100, 100, 100, 100, 100, 100, 100, 100, 100, 100, 100, 100, 100, 100, 100, 100, 100, 100, 100, 100, 100, 100, 100, 100, 100, 100, 100, 100, 100, 100, 100, 100, 100, 100, 100, 100, 100, 100, 100, 100, 100, 100, 100, 100, 100, 100, 100, 100, 100, 100, 100, 100, 100, 100, 100, 100, 100, 100, 100, 100, 100, 100, 100, 100, 100, 100, 100, 100, 100, 100, 100, 100, 100, 100, 100]",0.5088091935594619,4.460636957235523,0.16055952361180012,0.3034833295101351,0.0,0.0353388786315918,0.01012873649597168,0.15186023712158203,"[349.0, 343.0, 311.0, 326.0, 308.0, 338.0, 291.0, 360.0, 318.0, 258.0, 292.0, 302.0, 277.0, 292.0, 336.0, 295.0, 271.0, 305.0, 274.0, 368.0, 326.0, 397.0, 336.0, 387.0, 279.0, 345.0, 304.0, 327.0, 348.0, 331.0, 358.0, 354.0, 371.0, 274.0, 410.0, 313.0, 345.0, 263.0, 351.0, 328.0, 433.0, 386.0, 396.0, 362.0, 348.0, 361.0, 395.0, 350.0, 333.0, 362.0, 324.0, 350.0, 353.0, 297.0, 373.0, 315.0, 287.0, 361.0, 327.0, 378.0, 294.0, 320.0, 324.0, 390.0, 279.0, 300.0, 279.0, 332.0, 345.0, 285.0, 273.0, 251.0, 418.0, 332.0, 301.0, 336.0, 261.0, 309.0, 317.0, 343.0, 315.0, 368.0, 283.0, 395.0, 341.0, 264.0, 274.0, 396.0, 345.0, 326.0, 362.0, 320.0, 400.0, 274.0, 314.0, 271.0, 319.0, 239.0, 354.0, 294.0]","[100, 100, 100, 100, 100, 100, 100, 100, 100, 100, 100, 100, 100, 100, 100, 100, 100, 100, 100, 100, 100, 100, 100, 100, 100, 100, 100, 100, 100, 100, 100, 100, 100, 100, 100, 100, 100, 100, 100, 100, 100, 100, 100, 100, 100, 100, 100, 100, 100, 100, 100, 100, 100, 100, 100, 100, 100, 100, 100, 100, 100, 100, 100, 100, 100, 100, 100, 100, 100, 100, 100, 100, 100, 100, 100, 100, 100, 100, 100, 100, 100, 100, 100, 100, 100, 100, 100, 100, 100, 100, 100, 100, 100, 100, 100, 100, 100, 100, 100, 100]",0.5088091935594619,4.460636957235523,0.16055952361180012,0.3034833295101351,0.0,0.0353388786315918,0.01012873649597168,0.15186023712158203,500.0,29.0,0.0,0.0,40.0,0.0,975792.75,73373.8125,2.079428195953369,0.01,64.00000762939453,1804858.625,-1.0848045349121094e-05
439.0,239.0,331.69,100.0,17,10000,0,17,439.0,239.0,331.69,0,0,0,16600,16500,16600,16500,1700,2000,168.8648426774162,198.66452079696023,16600,16600,16600,2000,16600,False,166,9,default,2024-05-19_19-06-34,1716170794,10.069216012954712,91.5207929611206,23928,LAPTOP-Q8FAPJED,127.0.0.1,91.5207929611206,9,16600,16500,16600,16500,332,16500,439.0,239.0,331.69,100.0,17,10000,0,17,439.0,239.0,331.69,439.0,239.0,331.69,100.0,17,10000,0,17,439.0,239.0,331.69,"[305.0, 274.0, 368.0, 326.0, 397.0, 336.0, 387.0, 279.0, 345.0, 304.0, 327.0, 348.0, 331.0, 358.0, 354.0, 371.0, 274.0, 410.0, 313.0, 345.0, 263.0, 351.0, 328.0, 433.0, 386.0, 396.0, 362.0, 348.0, 361.0, 395.0, 350.0, 333.0, 362.0, 324.0, 350.0, 353.0, 297.0, 373.0, 315.0, 287.0, 361.0, 327.0, 378.0, 294.0, 320.0, 324.0, 390.0, 279.0, 300.0, 279.0, 332.0, 345.0, 285.0, 273.0, 251.0, 418.0, 332.0, 301.0, 336.0, 261.0, 309.0, 317.0, 343.0, 315.0, 368.0, 283.0, 395.0, 341.0, 264.0, 274.0, 396.0, 345.0, 326.0, 362.0, 320.0, 400.0, 274.0, 314.0, 271.0, 319.0, 239.0, 354.0, 294.0, 361.0, 349.0, 357.0, 263.0, 347.0, 305.0, 307.0, 324.0, 367.0, 298.0, 267.0, 339.0, 369.0, 302.0, 297.0, 350.0, 439.0]","[100, 100, 100, 100, 100, 100, 100, 100, 100, 100, 100, 100, 100, 100, 100, 100, 100, 100, 100, 100, 100, 100, 100, 100, 100, 100, 100, 100, 100, 100, 100, 100, 100, 100, 100, 100, 100, 100, 100, 100, 100, 100, 100, 100, 100, 100, 100, 100, 100, 100, 100, 100, 100, 100, 100, 100, 100, 100, 100, 100, 100, 100, 100, 100, 100, 100, 100, 100, 100, 100, 100, 100, 100, 100, 100, 100, 100, 100, 100, 100, 100, 100, 100, 100, 100, 100, 100, 100, 100, 100, 100, 100, 100, 100, 100, 100, 100, 100, 100, 100]",0.5104147587451476,4.4647382195609415,0.16105444158684068,0.30508658554068296,0.0,0.03545808792114258,0.01013326644897461,0.14267539978027344,10168.139,0.0,282.896,282.598,0.0,16600,16500,16600,16500,332,16500,6.007142857142858,88.4,33,0.0,0.0,"[0.0, 0.0, 0.0, 0.0, 0.0]",84.62,0.0,2708.971,98076.955,"[305.0, 274.0, 368.0, 326.0, 397.0, 336.0, 387.0, 279.0, 345.0, 304.0, 327.0, 348.0, 331.0, 358.0, 354.0, 371.0, 274.0, 410.0, 313.0, 345.0, 263.0, 351.0, 328.0, 433.0, 386.0, 396.0, 362.0, 348.0, 361.0, 395.0, 350.0, 333.0, 362.0, 324.0, 350.0, 353.0, 297.0, 373.0, 315.0, 287.0, 361.0, 327.0, 378.0, 294.0, 320.0, 324.0, 390.0, 279.0, 300.0, 279.0, 332.0, 345.0, 285.0, 273.0, 251.0, 418.0, 332.0, 301.0, 336.0, 261.0, 309.0, 317.0, 343.0, 315.0, 368.0, 283.0, 395.0, 341.0, 264.0, 274.0, 396.0, 345.0, 326.0, 362.0, 320.0, 400.0, 274.0, 314.0, 271.0, 319.0, 239.0, 354.0, 294.0, 361.0, 349.0, 357.0, 263.0, 347.0, 305.0, 307.0, 324.0, 367.0, 298.0, 267.0, 339.0, 369.0, 302.0, 297.0, 350.0, 439.0]","[100, 100, 100, 100, 100, 100, 100, 100, 100, 100, 100, 100, 100, 100, 100, 100, 100, 100, 100, 100, 100, 100, 100, 100, 100, 100, 100, 100, 100, 100, 100, 100, 100, 100, 100, 100, 100, 100, 100, 100, 100, 100, 100, 100, 100, 100, 100, 100, 100, 100, 100, 100, 100, 100, 100, 100, 100, 100, 100, 100, 100, 100, 100, 100, 100, 100, 100, 100, 100, 100, 100, 100, 100, 100, 100, 100, 100, 100, 100, 100, 100, 100, 100, 100, 100, 100, 100, 100, 100, 100, 100, 100, 100, 100, 100, 100, 100, 100, 100, 100]",0.5104147587451476,4.4647382195609415,0.16105444158684068,0.30508658554068296,0.0,0.03545808792114258,0.01013326644897461,0.14267539978027344,"[305.0, 274.0, 368.0, 326.0, 397.0, 336.0, 387.0, 279.0, 345.0, 304.0, 327.0, 348.0, 331.0, 358.0, 354.0, 371.0, 274.0, 410.0, 313.0, 345.0, 263.0, 351.0, 328.0, 433.0, 386.0, 396.0, 362.0, 348.0, 361.0, 395.0, 350.0, 333.0, 362.0, 324.0, 350.0, 353.0, 297.0, 373.0, 315.0, 287.0, 361.0, 327.0, 378.0, 294.0, 320.0, 324.0, 390.0, 279.0, 300.0, 279.0, 332.0, 345.0, 285.0, 273.0, 251.0, 418.0, 332.0, 301.0, 336.0, 261.0, 309.0, 317.0, 343.0, 315.0, 368.0, 283.0, 395.0, 341.0, 264.0, 274.0, 396.0, 345.0, 326.0, 362.0, 320.0, 400.0, 274.0, 314.0, 271.0, 319.0, 239.0, 354.0, 294.0, 361.0, 349.0, 357.0, 263.0, 347.0, 305.0, 307.0, 324.0, 367.0, 298.0, 267.0, 339.0, 369.0, 302.0, 297.0, 350.0, 439.0]","[100, 100, 100, 100, 100, 100, 100, 100, 100, 100, 100, 100, 100, 100, 100, 100, 100, 100, 100, 100, 100, 100, 100, 100, 100, 100, 100, 100, 100, 100, 100, 100, 100, 100, 100, 100, 100, 100, 100, 100, 100, 100, 100, 100, 100, 100, 100, 100, 100, 100, 100, 100, 100, 100, 100, 100, 100, 100, 100, 100, 100, 100, 100, 100, 100, 100, 100, 100, 100, 100, 100, 100, 100, 100, 100, 100, 100, 100, 100, 100, 100, 100, 100, 100, 100, 100, 100, 100, 100, 100, 100, 100, 100, 100, 100, 100, 100, 100, 100, 100]",0.5104147587451476,4.4647382195609415,0.16105444158684068,0.30508658554068296,0.0,0.03545808792114258,0.01013326644897461,0.14267539978027344,500.0,33.0,0.0,0.0,40.0,0.0,1049909.625,76870.75,2.0794284343719482,0.01,64.00000762939453,1946098.5,6.377696990966797e-06
439.0,239.0,329.47,100.0,18,10000,0,18,439.0,239.0,329.47,0,0,0,18450,18000,18450,18000,1850,1500,184.03717447977968,149.2193306592808,18450,18450,18450,1500,18450,False,184,10,default,2024-05-19_19-06-44,1716170804,10.052316904067993,101.5731098651886,23928,LAPTOP-Q8FAPJED,127.0.0.1,101.5731098651886,10,18450,18000,18450,18000,369,18000,439.0,239.0,329.47,100.0,18,10000,0,18,439.0,239.0,329.47,439.0,239.0,329.47,100.0,18,10000,0,18,439.0,239.0,329.47,"[313.0, 345.0, 263.0, 351.0, 328.0, 433.0, 386.0, 396.0, 362.0, 348.0, 361.0, 395.0, 350.0, 333.0, 362.0, 324.0, 350.0, 353.0, 297.0, 373.0, 315.0, 287.0, 361.0, 327.0, 378.0, 294.0, 320.0, 324.0, 390.0, 279.0, 300.0, 279.0, 332.0, 345.0, 285.0, 273.0, 251.0, 418.0, 332.0, 301.0, 336.0, 261.0, 309.0, 317.0, 343.0, 315.0, 368.0, 283.0, 395.0, 341.0, 264.0, 274.0, 396.0, 345.0, 326.0, 362.0, 320.0, 400.0, 274.0, 314.0, 271.0, 319.0, 239.0, 354.0, 294.0, 361.0, 349.0, 357.0, 263.0, 347.0, 305.0, 307.0, 324.0, 367.0, 298.0, 267.0, 339.0, 369.0, 302.0, 297.0, 350.0, 439.0, 348.0, 344.0, 263.0, 318.0, 376.0, 363.0, 348.0, 309.0, 317.0, 291.0, 299.0, 285.0, 320.0, 319.0, 275.0, 406.0, 411.0, 280.0]","[100, 100, 100, 100, 100, 100, 100, 100, 100, 100, 100, 100, 100, 100, 100, 100, 100, 100, 100, 100, 100, 100, 100, 100, 100, 100, 100, 100, 100, 100, 100, 100, 100, 100, 100, 100, 100, 100, 100, 100, 100, 100, 100, 100, 100, 100, 100, 100, 100, 100, 100, 100, 100, 100, 100, 100, 100, 100, 100, 100, 100, 100, 100, 100, 100, 100, 100, 100, 100, 100, 100, 100, 100, 100, 100, 100, 100, 100, 100, 100, 100, 100, 100, 100, 100, 100, 100, 100, 100, 100, 100, 100, 100, 100, 100, 100, 100, 100, 100, 100]",0.5117071731627801,4.470522304916508,0.16048354087302538,0.3060727192725898,0.0,0.047007083892822266,0.01001596450805664,0.13979053497314453,10156.557,0.0,286.781,286.581,0.0,18450,18000,18450,18000,369,18000,6.278571428571429,88.54285714285713,36,0.0,0.0,"[0.0, 0.0, 0.0, 0.0, 0.0]",89.951,0.0,2664.806,98076.955,"[313.0, 345.0, 263.0, 351.0, 328.0, 433.0, 386.0, 396.0, 362.0, 348.0, 361.0, 395.0, 350.0, 333.0, 362.0, 324.0, 350.0, 353.0, 297.0, 373.0, 315.0, 287.0, 361.0, 327.0, 378.0, 294.0, 320.0, 324.0, 390.0, 279.0, 300.0, 279.0, 332.0, 345.0, 285.0, 273.0, 251.0, 418.0, 332.0, 301.0, 336.0, 261.0, 309.0, 317.0, 343.0, 315.0, 368.0, 283.0, 395.0, 341.0, 264.0, 274.0, 396.0, 345.0, 326.0, 362.0, 320.0, 400.0, 274.0, 314.0, 271.0, 319.0, 239.0, 354.0, 294.0, 361.0, 349.0, 357.0, 263.0, 347.0, 305.0, 307.0, 324.0, 367.0, 298.0, 267.0, 339.0, 369.0, 302.0, 297.0, 350.0, 439.0, 348.0, 344.0, 263.0, 318.0, 376.0, 363.0, 348.0, 309.0, 317.0, 291.0, 299.0, 285.0, 320.0, 319.0, 275.0, 406.0, 411.0, 280.0]","[100, 100, 100, 100, 100, 100, 100, 100, 100, 100, 100, 100, 100, 100, 100, 100, 100, 100, 100, 100, 100, 100, 100, 100, 100, 100, 100, 100, 100, 100, 100, 100, 100, 100, 100, 100, 100, 100, 100, 100, 100, 100, 100, 100, 100, 100, 100, 100, 100, 100, 100, 100, 100, 100, 100, 100, 100, 100, 100, 100, 100, 100, 100, 100, 100, 100, 100, 100, 100, 100, 100, 100, 100, 100, 100, 100, 100, 100, 100, 100, 100, 100, 100, 100, 100, 100, 100, 100, 100, 100, 100, 100, 100, 100, 100, 100, 100, 100, 100, 100]",0.5117071731627801,4.470522304916508,0.16048354087302538,0.3060727192725898,0.0,0.047007083892822266,0.01001596450805664,0.13979053497314453,"[313.0, 345.0, 263.0, 351.0, 328.0, 433.0, 386.0, 396.0, 362.0, 348.0, 361.0, 395.0, 350.0, 333.0, 362.0, 324.0, 350.0, 353.0, 297.0, 373.0, 315.0, 287.0, 361.0, 327.0, 378.0, 294.0, 320.0, 324.0, 390.0, 279.0, 300.0, 279.0, 332.0, 345.0, 285.0, 273.0, 251.0, 418.0, 332.0, 301.0, 336.0, 261.0, 309.0, 317.0, 343.0, 315.0, 368.0, 283.0, 395.0, 341.0, 264.0, 274.0, 396.0, 345.0, 326.0, 362.0, 320.0, 400.0, 274.0, 314.0, 271.0, 319.0, 239.0, 354.0, 294.0, 361.0, 349.0, 357.0, 263.0, 347.0, 305.0, 307.0, 324.0, 367.0, 298.0, 267.0, 339.0, 369.0, 302.0, 297.0, 350.0, 439.0, 348.0, 344.0, 263.0, 318.0, 376.0, 363.0, 348.0, 309.0, 317.0, 291.0, 299.0, 285.0, 320.0, 319.0, 275.0, 406.0, 411.0, 280.0]","[100, 100, 100, 100, 100, 100, 100, 100, 100, 100, 100, 100, 100, 100, 100, 100, 100, 100, 100, 100, 100, 100, 100, 100, 100, 100, 100, 100, 100, 100, 100, 100, 100, 100, 100, 100, 100, 100, 100, 100, 100, 100, 100, 100, 100, 100, 100, 100, 100, 100, 100, 100, 100, 100, 100, 100, 100, 100, 100, 100, 100, 100, 100, 100, 100, 100, 100, 100, 100, 100, 100, 100, 100, 100, 100, 100, 100, 100, 100, 100, 100, 100, 100, 100, 100, 100, 100, 100, 100, 100, 100, 100, 100, 100, 100, 100, 100, 100, 100, 100]",0.5117071731627801,4.470522304916508,0.16048354087302538,0.3060727192725898,0.0,0.047007083892822266,0.01001596450805664,0.13979053497314453,500.0,36.0,0.0,0.0,40.0,0.0,935564.3125,72942.328125,2.0794286727905273,0.01,64.00000762939453,1725264.75,-5.364418029785156e-06
439.0,239.0,323.7,100.0,20,10000,0,20,439.0,239.0,323.7,0,0,0,20400,20000,20400,20000,1950,2000,193.35166514277208,198.3094001464329,20400,20400,20400,2000,20400,False,204,11,default,2024-05-19_19-06-55,1716170815,10.085250616073608,111.6583604812622,23928,LAPTOP-Q8FAPJED,127.0.0.1,111.6583604812622,11,20400,20000,20400,20000,408,20000,439.0,239.0,323.7,100.0,20,10000,0,20,439.0,239.0,323.7,439.0,239.0,323.7,100.0,20,10000,0,20,439.0,239.0,323.7,"[315.0, 287.0, 361.0, 327.0, 378.0, 294.0, 320.0, 324.0, 390.0, 279.0, 300.0, 279.0, 332.0, 345.0, 285.0, 273.0, 251.0, 418.0, 332.0, 301.0, 336.0, 261.0, 309.0, 317.0, 343.0, 315.0, 368.0, 283.0, 395.0, 341.0, 264.0, 274.0, 396.0, 345.0, 326.0, 362.0, 320.0, 400.0, 274.0, 314.0, 271.0, 319.0, 239.0, 354.0, 294.0, 361.0, 349.0, 357.0, 263.0, 347.0, 305.0, 307.0, 324.0, 367.0, 298.0, 267.0, 339.0, 369.0, 302.0, 297.0, 350.0, 439.0, 348.0, 344.0, 263.0, 318.0, 376.0, 363.0, 348.0, 309.0, 317.0, 291.0, 299.0, 285.0, 320.0, 319.0, 275.0, 406.0, 411.0, 280.0, 290.0, 294.0, 384.0, 308.0, 317.0, 433.0, 362.0, 296.0, 358.0, 258.0, 331.0, 284.0, 240.0, 322.0, 301.0, 340.0, 353.0, 358.0, 318.0, 299.0]","[100, 100, 100, 100, 100, 100, 100, 100, 100, 100, 100, 100, 100, 100, 100, 100, 100, 100, 100, 100, 100, 100, 100, 100, 100, 100, 100, 100, 100, 100, 100, 100, 100, 100, 100, 100, 100, 100, 100, 100, 100, 100, 100, 100, 100, 100, 100, 100, 100, 100, 100, 100, 100, 100, 100, 100, 100, 100, 100, 100, 100, 100, 100, 100, 100, 100, 100, 100, 100, 100, 100, 100, 100, 100, 100, 100, 100, 100, 100, 100, 100, 100, 100, 100, 100, 100, 100, 100, 100, 100, 100, 100, 100, 100, 100, 100, 100, 100, 100, 100]",0.5123382738395147,4.471162149985644,0.15905487504648363,0.3058133257466415,0.0,0.04182171821594238,0.008969306945800781,0.13384222984313965,10153.698,0.0,248.469,246.76,0.0,20400,20000,20400,20000,408,20000,5.506666666666667,88.17999999999999,40,0.0,0.0,"[0.0, 0.0, 0.0, 0.0, 0.0]",94.069,0.0,2674.438,98076.955,"[315.0, 287.0, 361.0, 327.0, 378.0, 294.0, 320.0, 324.0, 390.0, 279.0, 300.0, 279.0, 332.0, 345.0, 285.0, 273.0, 251.0, 418.0, 332.0, 301.0, 336.0, 261.0, 309.0, 317.0, 343.0, 315.0, 368.0, 283.0, 395.0, 341.0, 264.0, 274.0, 396.0, 345.0, 326.0, 362.0, 320.0, 400.0, 274.0, 314.0, 271.0, 319.0, 239.0, 354.0, 294.0, 361.0, 349.0, 357.0, 263.0, 347.0, 305.0, 307.0, 324.0, 367.0, 298.0, 267.0, 339.0, 369.0, 302.0, 297.0, 350.0, 439.0, 348.0, 344.0, 263.0, 318.0, 376.0, 363.0, 348.0, 309.0, 317.0, 291.0, 299.0, 285.0, 320.0, 319.0, 275.0, 406.0, 411.0, 280.0, 290.0, 294.0, 384.0, 308.0, 317.0, 433.0, 362.0, 296.0, 358.0, 258.0, 331.0, 284.0, 240.0, 322.0, 301.0, 340.0, 353.0, 358.0, 318.0, 299.0]","[100, 100, 100, 100, 100, 100, 100, 100, 100, 100, 100, 100, 100, 100, 100, 100, 100, 100, 100, 100, 100, 100, 100, 100, 100, 100, 100, 100, 100, 100, 100, 100, 100, 100, 100, 100, 100, 100, 100, 100, 100, 100, 100, 100, 100, 100, 100, 100, 100, 100, 100, 100, 100, 100, 100, 100, 100, 100, 100, 100, 100, 100, 100, 100, 100, 100, 100, 100, 100, 100, 100, 100, 100, 100, 100, 100, 100, 100, 100, 100, 100, 100, 100, 100, 100, 100, 100, 100, 100, 100, 100, 100, 100, 100, 100, 100, 100, 100, 100, 100]",0.5123382738395147,4.471162149985644,0.15905487504648363,0.3058133257466415,0.0,0.04182171821594238,0.008969306945800781,0.13384222984313965,"[315.0, 287.0, 361.0, 327.0, 378.0, 294.0, 320.0, 324.0, 390.0, 279.0, 300.0, 279.0, 332.0, 345.0, 285.0, 273.0, 251.0, 418.0, 332.0, 301.0, 336.0, 261.0, 309.0, 317.0, 343.0, 315.0, 368.0, 283.0, 395.0, 341.0, 264.0, 274.0, 396.0, 345.0, 326.0, 362.0, 320.0, 400.0, 274.0, 314.0, 271.0, 319.0, 239.0, 354.0, 294.0, 361.0, 349.0, 357.0, 263.0, 347.0, 305.0, 307.0, 324.0, 367.0, 298.0, 267.0, 339.0, 369.0, 302.0, 297.0, 350.0, 439.0, 348.0, 344.0, 263.0, 318.0, 376.0, 363.0, 348.0, 309.0, 317.0, 291.0, 299.0, 285.0, 320.0, 319.0, 275.0, 406.0, 411.0, 280.0, 290.0, 294.0, 384.0, 308.0, 317.0, 433.0, 362.0, 296.0, 358.0, 258.0, 331.0, 284.0, 240.0, 322.0, 301.0, 340.0, 353.0, 358.0, 318.0, 299.0]","[100, 100, 100, 100, 100, 100, 100, 100, 100, 100, 100, 100, 100, 100, 100, 100, 100, 100, 100, 100, 100, 100, 100, 100, 100, 100, 100, 100, 100, 100, 100, 100, 100, 100, 100, 100, 100, 100, 100, 100, 100, 100, 100, 100, 100, 100, 100, 100, 100, 100, 100, 100, 100, 100, 100, 100, 100, 100, 100, 100, 100, 100, 100, 100, 100, 100, 100, 100, 100, 100, 100, 100, 100, 100, 100, 100, 100, 100, 100, 100, 100, 100, 100, 100, 100, 100, 100, 100, 100, 100, 100, 100, 100, 100, 100, 100, 100, 100, 100, 100]",0.5123382738395147,4.471162149985644,0.15905487504648363,0.3058133257466415,0.0,0.04182171821594238,0.008969306945800781,0.13384222984313965,500.0,40.0,0.0,0.0,40.0,0.0,974607.625,73361.4921875,2.0794289112091064,0.01,64.00000762939453,1802513.125,-4.172325134277344e-06
439.0,239.0,326.38,100.0,19,10000,0,19,439.0,239.0,326.38,0,0,0,22300,22000,22300,22000,1900,2000,186.61489368164246,196.4367301912026,22300,22300,22300,2000,22300,False,223,12,default,2024-05-19_19-07-05,1716170825,10.181395292282104,121.83975577354431,23928,LAPTOP-Q8FAPJED,127.0.0.1,121.83975577354431,12,22300,22000,22300,22000,446,22000,439.0,239.0,326.38,100.0,19,10000,0,19,439.0,239.0,326.38,439.0,239.0,326.38,100.0,19,10000,0,19,439.0,239.0,326.38,"[301.0, 336.0, 261.0, 309.0, 317.0, 343.0, 315.0, 368.0, 283.0, 395.0, 341.0, 264.0, 274.0, 396.0, 345.0, 326.0, 362.0, 320.0, 400.0, 274.0, 314.0, 271.0, 319.0, 239.0, 354.0, 294.0, 361.0, 349.0, 357.0, 263.0, 347.0, 305.0, 307.0, 324.0, 367.0, 298.0, 267.0, 339.0, 369.0, 302.0, 297.0, 350.0, 439.0, 348.0, 344.0, 263.0, 318.0, 376.0, 363.0, 348.0, 309.0, 317.0, 291.0, 299.0, 285.0, 320.0, 319.0, 275.0, 406.0, 411.0, 280.0, 290.0, 294.0, 384.0, 308.0, 317.0, 433.0, 362.0, 296.0, 358.0, 258.0, 331.0, 284.0, 240.0, 322.0, 301.0, 340.0, 353.0, 358.0, 318.0, 299.0, 316.0, 256.0, 277.0, 381.0, 413.0, 317.0, 291.0, 370.0, 311.0, 400.0, 288.0, 397.0, 433.0, 304.0, 304.0, 277.0, 376.0, 309.0, 338.0]","[100, 100, 100, 100, 100, 100, 100, 100, 100, 100, 100, 100, 100, 100, 100, 100, 100, 100, 100, 100, 100, 100, 100, 100, 100, 100, 100, 100, 100, 100, 100, 100, 100, 100, 100, 100, 100, 100, 100, 100, 100, 100, 100, 100, 100, 100, 100, 100, 100, 100, 100, 100, 100, 100, 100, 100, 100, 100, 100, 100, 100, 100, 100, 100, 100, 100, 100, 100, 100, 100, 100, 100, 100, 100, 100, 100, 100, 100, 100, 100, 100, 100, 100, 100, 100, 100, 100, 100, 100, 100, 100, 100, 100, 100, 100, 100, 100, 100, 100, 100]",0.5126915142032928,4.467709798470887,0.15679186368067,0.30495976522893836,0.0,0.02931952476501465,0.008969306945800781,0.14825654029846191,10144.772,0.0,255.944,255.418,0.108,22300,22000,22300,22000,446,22000,5.828571428571428,88.12857142857142,44,0.0,0.0,"[0.0, 0.0, 0.0, 0.0, 0.0]",88.977,0.0,2584.541,98076.955,"[301.0, 336.0, 261.0, 309.0, 317.0, 343.0, 315.0, 368.0, 283.0, 395.0, 341.0, 264.0, 274.0, 396.0, 345.0, 326.0, 362.0, 320.0, 400.0, 274.0, 314.0, 271.0, 319.0, 239.0, 354.0, 294.0, 361.0, 349.0, 357.0, 263.0, 347.0, 305.0, 307.0, 324.0, 367.0, 298.0, 267.0, 339.0, 369.0, 302.0, 297.0, 350.0, 439.0, 348.0, 344.0, 263.0, 318.0, 376.0, 363.0, 348.0, 309.0, 317.0, 291.0, 299.0, 285.0, 320.0, 319.0, 275.0, 406.0, 411.0, 280.0, 290.0, 294.0, 384.0, 308.0, 317.0, 433.0, 362.0, 296.0, 358.0, 258.0, 331.0, 284.0, 240.0, 322.0, 301.0, 340.0, 353.0, 358.0, 318.0, 299.0, 316.0, 256.0, 277.0, 381.0, 413.0, 317.0, 291.0, 370.0, 311.0, 400.0, 288.0, 397.0, 433.0, 304.0, 304.0, 277.0, 376.0, 309.0, 338.0]","[100, 100, 100, 100, 100, 100, 100, 100, 100, 100, 100, 100, 100, 100, 100, 100, 100, 100, 100, 100, 100, 100, 100, 100, 100, 100, 100, 100, 100, 100, 100, 100, 100, 100, 100, 100, 100, 100, 100, 100, 100, 100, 100, 100, 100, 100, 100, 100, 100, 100, 100, 100, 100, 100, 100, 100, 100, 100, 100, 100, 100, 100, 100, 100, 100, 100, 100, 100, 100, 100, 100, 100, 100, 100, 100, 100, 100, 100, 100, 100, 100, 100, 100, 100, 100, 100, 100, 100, 100, 100, 100, 100, 100, 100, 100, 100, 100, 100, 100, 100]",0.5126915142032928,4.467709798470887,0.15679186368067,0.30495976522893836,0.0,0.02931952476501465,0.008969306945800781,0.14825654029846191,"[301.0, 336.0, 261.0, 309.0, 317.0, 343.0, 315.0, 368.0, 283.0, 395.0, 341.0, 264.0, 274.0, 396.0, 345.0, 326.0, 362.0, 320.0, 400.0, 274.0, 314.0, 271.0, 319.0, 239.0, 354.0, 294.0, 361.0, 349.0, 357.0, 263.0, 347.0, 305.0, 307.0, 324.0, 367.0, 298.0, 267.0, 339.0, 369.0, 302.0, 297.0, 350.0, 439.0, 348.0, 344.0, 263.0, 318.0, 376.0, 363.0, 348.0, 309.0, 317.0, 291.0, 299.0, 285.0, 320.0, 319.0, 275.0, 406.0, 411.0, 280.0, 290.0, 294.0, 384.0, 308.0, 317.0, 433.0, 362.0, 296.0, 358.0, 258.0, 331.0, 284.0, 240.0, 322.0, 301.0, 340.0, 353.0, 358.0, 318.0, 299.0, 316.0, 256.0, 277.0, 381.0, 413.0, 317.0, 291.0, 370.0, 311.0, 400.0, 288.0, 397.0, 433.0, 304.0, 304.0, 277.0, 376.0, 309.0, 338.0]","[100, 100, 100, 100, 100, 100, 100, 100, 100, 100, 100, 100, 100, 100, 100, 100, 100, 100, 100, 100, 100, 100, 100, 100, 100, 100, 100, 100, 100, 100, 100, 100, 100, 100, 100, 100, 100, 100, 100, 100, 100, 100, 100, 100, 100, 100, 100, 100, 100, 100, 100, 100, 100, 100, 100, 100, 100, 100, 100, 100, 100, 100, 100, 100, 100, 100, 100, 100, 100, 100, 100, 100, 100, 100, 100, 100, 100, 100, 100, 100, 100, 100, 100, 100, 100, 100, 100, 100, 100, 100, 100, 100, 100, 100, 100, 100, 100, 100, 100, 100]",0.5126915142032928,4.467709798470887,0.15679186368067,0.30495976522893836,0.0,0.02931952476501465,0.008969306945800781,0.14825654029846191,500.0,44.0,0.0,0.0,40.0,0.0,1177116.625,82731.46875,2.0794289112091064,0.01,64.00000762939453,2188791.0,-8.344650268554688e-06
439.0,238.0,326.83,100.0,18,10000,0,18,439.0,238.0,326.83,0,0,0,24150,24000,24150,24000,1850,2000,182.28675359355896,197.06676064168536,24150,24150,24150,2000,24150,False,241,13,default,2024-05-19_19-07-15,1716170835,10.149392366409302,131.9891481399536,23928,LAPTOP-Q8FAPJED,127.0.0.1,131.9891481399536,13,24150,24000,24150,24000,483,24000,439.0,238.0,326.83,100.0,18,10000,0,18,439.0,238.0,326.83,439.0,238.0,326.83,100.0,18,10000,0,18,439.0,238.0,326.83,"[400.0, 274.0, 314.0, 271.0, 319.0, 239.0, 354.0, 294.0, 361.0, 349.0, 357.0, 263.0, 347.0, 305.0, 307.0, 324.0, 367.0, 298.0, 267.0, 339.0, 369.0, 302.0, 297.0, 350.0, 439.0, 348.0, 344.0, 263.0, 318.0, 376.0, 363.0, 348.0, 309.0, 317.0, 291.0, 299.0, 285.0, 320.0, 319.0, 275.0, 406.0, 411.0, 280.0, 290.0, 294.0, 384.0, 308.0, 317.0, 433.0, 362.0, 296.0, 358.0, 258.0, 331.0, 284.0, 240.0, 322.0, 301.0, 340.0, 353.0, 358.0, 318.0, 299.0, 316.0, 256.0, 277.0, 381.0, 413.0, 317.0, 291.0, 370.0, 311.0, 400.0, 288.0, 397.0, 433.0, 304.0, 304.0, 277.0, 376.0, 309.0, 338.0, 336.0, 373.0, 334.0, 238.0, 352.0, 329.0, 344.0, 332.0, 345.0, 338.0, 349.0, 385.0, 278.0, 308.0, 284.0, 316.0, 324.0, 336.0]","[100, 100, 100, 100, 100, 100, 100, 100, 100, 100, 100, 100, 100, 100, 100, 100, 100, 100, 100, 100, 100, 100, 100, 100, 100, 100, 100, 100, 100, 100, 100, 100, 100, 100, 100, 100, 100, 100, 100, 100, 100, 100, 100, 100, 100, 100, 100, 100, 100, 100, 100, 100, 100, 100, 100, 100, 100, 100, 100, 100, 100, 100, 100, 100, 100, 100, 100, 100, 100, 100, 100, 100, 100, 100, 100, 100, 100, 100, 100, 100, 100, 100, 100, 100, 100, 100, 100, 100, 100, 100, 100, 100, 100, 100, 100, 100, 100, 100, 100, 100]",0.5130527743244284,4.4663822472173775,0.15438065114557595,0.3054595541681252,0.0,0.059682607650756836,0.0020589828491210938,0.1448814868927002,10152.399,0.0,287.687,287.269,0.083,24150,24000,24150,24000,483,24000,5.985714285714287,88.67142857142858,48,0.0,0.0,"[0.0, 0.0, 0.0, 0.0, 0.0]",80.171,0.0,2569.007,98076.955,"[400.0, 274.0, 314.0, 271.0, 319.0, 239.0, 354.0, 294.0, 361.0, 349.0, 357.0, 263.0, 347.0, 305.0, 307.0, 324.0, 367.0, 298.0, 267.0, 339.0, 369.0, 302.0, 297.0, 350.0, 439.0, 348.0, 344.0, 263.0, 318.0, 376.0, 363.0, 348.0, 309.0, 317.0, 291.0, 299.0, 285.0, 320.0, 319.0, 275.0, 406.0, 411.0, 280.0, 290.0, 294.0, 384.0, 308.0, 317.0, 433.0, 362.0, 296.0, 358.0, 258.0, 331.0, 284.0, 240.0, 322.0, 301.0, 340.0, 353.0, 358.0, 318.0, 299.0, 316.0, 256.0, 277.0, 381.0, 413.0, 317.0, 291.0, 370.0, 311.0, 400.0, 288.0, 397.0, 433.0, 304.0, 304.0, 277.0, 376.0, 309.0, 338.0, 336.0, 373.0, 334.0, 238.0, 352.0, 329.0, 344.0, 332.0, 345.0, 338.0, 349.0, 385.0, 278.0, 308.0, 284.0, 316.0, 324.0, 336.0]","[100, 100, 100, 100, 100, 100, 100, 100, 100, 100, 100, 100, 100, 100, 100, 100, 100, 100, 100, 100, 100, 100, 100, 100, 100, 100, 100, 100, 100, 100, 100, 100, 100, 100, 100, 100, 100, 100, 100, 100, 100, 100, 100, 100, 100, 100, 100, 100, 100, 100, 100, 100, 100, 100, 100, 100, 100, 100, 100, 100, 100, 100, 100, 100, 100, 100, 100, 100, 100, 100, 100, 100, 100, 100, 100, 100, 100, 100, 100, 100, 100, 100, 100, 100, 100, 100, 100, 100, 100, 100, 100, 100, 100, 100, 100, 100, 100, 100, 100, 100]",0.5130527743244284,4.4663822472173775,0.15438065114557595,0.3054595541681252,0.0,0.059682607650756836,0.0020589828491210938,0.1448814868927002,"[400.0, 274.0, 314.0, 271.0, 319.0, 239.0, 354.0, 294.0, 361.0, 349.0, 357.0, 263.0, 347.0, 305.0, 307.0, 324.0, 367.0, 298.0, 267.0, 339.0, 369.0, 302.0, 297.0, 350.0, 439.0, 348.0, 344.0, 263.0, 318.0, 376.0, 363.0, 348.0, 309.0, 317.0, 291.0, 299.0, 285.0, 320.0, 319.0, 275.0, 406.0, 411.0, 280.0, 290.0, 294.0, 384.0, 308.0, 317.0, 433.0, 362.0, 296.0, 358.0, 258.0, 331.0, 284.0, 240.0, 322.0, 301.0, 340.0, 353.0, 358.0, 318.0, 299.0, 316.0, 256.0, 277.0, 381.0, 413.0, 317.0, 291.0, 370.0, 311.0, 400.0, 288.0, 397.0, 433.0, 304.0, 304.0, 277.0, 376.0, 309.0, 338.0, 336.0, 373.0, 334.0, 238.0, 352.0, 329.0, 344.0, 332.0, 345.0, 338.0, 349.0, 385.0, 278.0, 308.0, 284.0, 316.0, 324.0, 336.0]","[100, 100, 100, 100, 100, 100, 100, 100, 100, 100, 100, 100, 100, 100, 100, 100, 100, 100, 100, 100, 100, 100, 100, 100, 100, 100, 100, 100, 100, 100, 100, 100, 100, 100, 100, 100, 100, 100, 100, 100, 100, 100, 100, 100, 100, 100, 100, 100, 100, 100, 100, 100, 100, 100, 100, 100, 100, 100, 100, 100, 100, 100, 100, 100, 100, 100, 100, 100, 100, 100, 100, 100, 100, 100, 100, 100, 100, 100, 100, 100, 100, 100, 100, 100, 100, 100, 100, 100, 100, 100, 100, 100, 100, 100, 100, 100, 100, 100, 100, 100]",0.5130527743244284,4.4663822472173775,0.15438065114557595,0.3054595541681252,0.0,0.059682607650756836,0.0020589828491210938,0.1448814868927002,500.0,48.0,0.0,0.0,40.0,0.0,857556.8125,65974.8125,2.07942795753479,0.01,64.00000762939453,1583184.75,-5.364418029785156e-06
439.0,238.0,329.53,100.0,21,10000,0,21,439.0,238.0,329.53,0,0,0,26200,26000,26200,26000,2050,2000,200.71027477763093,195.81490222207896,26200,26200,26200,2000,26200,False,262,14,default,2024-05-19_19-07-25,1716170845,10.213727235794067,142.20287537574768,23928,LAPTOP-Q8FAPJED,127.0.0.1,142.20287537574768,14,26200,26000,26200,26000,524,26000,439.0,238.0,329.53,100.0,21,10000,0,21,439.0,238.0,329.53,439.0,238.0,329.53,100.0,21,10000,0,21,439.0,238.0,329.53,"[302.0, 297.0, 350.0, 439.0, 348.0, 344.0, 263.0, 318.0, 376.0, 363.0, 348.0, 309.0, 317.0, 291.0, 299.0, 285.0, 320.0, 319.0, 275.0, 406.0, 411.0, 280.0, 290.0, 294.0, 384.0, 308.0, 317.0, 433.0, 362.0, 296.0, 358.0, 258.0, 331.0, 284.0, 240.0, 322.0, 301.0, 340.0, 353.0, 358.0, 318.0, 299.0, 316.0, 256.0, 277.0, 381.0, 413.0, 317.0, 291.0, 370.0, 311.0, 400.0, 288.0, 397.0, 433.0, 304.0, 304.0, 277.0, 376.0, 309.0, 338.0, 336.0, 373.0, 334.0, 238.0, 352.0, 329.0, 344.0, 332.0, 345.0, 338.0, 349.0, 385.0, 278.0, 308.0, 284.0, 316.0, 324.0, 336.0, 340.0, 340.0, 328.0, 268.0, 334.0, 370.0, 395.0, 282.0, 370.0, 432.0, 329.0, 319.0, 348.0, 371.0, 255.0, 266.0, 354.0, 344.0, 324.0, 333.0, 286.0]","[100, 100, 100, 100, 100, 100, 100, 100, 100, 100, 100, 100, 100, 100, 100, 100, 100, 100, 100, 100, 100, 100, 100, 100, 100, 100, 100, 100, 100, 100, 100, 100, 100, 100, 100, 100, 100, 100, 100, 100, 100, 100, 100, 100, 100, 100, 100, 100, 100, 100, 100, 100, 100, 100, 100, 100, 100, 100, 100, 100, 100, 100, 100, 100, 100, 100, 100, 100, 100, 100, 100, 100, 100, 100, 100, 100, 100, 100, 100, 100, 100, 100, 100, 100, 100, 100, 100, 100, 100, 100, 100, 100, 100, 100, 100, 100, 100, 100, 100, 100]",0.5112375966434779,4.456102544128759,0.15129803201892644,0.3060079671802553,0.0,0.06127023696899414,0.0010552406311035156,0.13593435287475586,10149.37,0.0,270.953,270.013,0.0,26200,26000,26200,26000,524,26000,5.726666666666668,88.66666666666667,52,0.0,0.0,"[0.0, 0.0, 0.0, 0.0, 0.0]",89.82,0.0,2549.345,84328.709,"[302.0, 297.0, 350.0, 439.0, 348.0, 344.0, 263.0, 318.0, 376.0, 363.0, 348.0, 309.0, 317.0, 291.0, 299.0, 285.0, 320.0, 319.0, 275.0, 406.0, 411.0, 280.0, 290.0, 294.0, 384.0, 308.0, 317.0, 433.0, 362.0, 296.0, 358.0, 258.0, 331.0, 284.0, 240.0, 322.0, 301.0, 340.0, 353.0, 358.0, 318.0, 299.0, 316.0, 256.0, 277.0, 381.0, 413.0, 317.0, 291.0, 370.0, 311.0, 400.0, 288.0, 397.0, 433.0, 304.0, 304.0, 277.0, 376.0, 309.0, 338.0, 336.0, 373.0, 334.0, 238.0, 352.0, 329.0, 344.0, 332.0, 345.0, 338.0, 349.0, 385.0, 278.0, 308.0, 284.0, 316.0, 324.0, 336.0, 340.0, 340.0, 328.0, 268.0, 334.0, 370.0, 395.0, 282.0, 370.0, 432.0, 329.0, 319.0, 348.0, 371.0, 255.0, 266.0, 354.0, 344.0, 324.0, 333.0, 286.0]","[100, 100, 100, 100, 100, 100, 100, 100, 100, 100, 100, 100, 100, 100, 100, 100, 100, 100, 100, 100, 100, 100, 100, 100, 100, 100, 100, 100, 100, 100, 100, 100, 100, 100, 100, 100, 100, 100, 100, 100, 100, 100, 100, 100, 100, 100, 100, 100, 100, 100, 100, 100, 100, 100, 100, 100, 100, 100, 100, 100, 100, 100, 100, 100, 100, 100, 100, 100, 100, 100, 100, 100, 100, 100, 100, 100, 100, 100, 100, 100, 100, 100, 100, 100, 100, 100, 100, 100, 100, 100, 100, 100, 100, 100, 100, 100, 100, 100, 100, 100]",0.5112375966434779,4.456102544128759,0.15129803201892644,0.3060079671802553,0.0,0.06127023696899414,0.0010552406311035156,0.13593435287475586,"[302.0, 297.0, 350.0, 439.0, 348.0, 344.0, 263.0, 318.0, 376.0, 363.0, 348.0, 309.0, 317.0, 291.0, 299.0, 285.0, 320.0, 319.0, 275.0, 406.0, 411.0, 280.0, 290.0, 294.0, 384.0, 308.0, 317.0, 433.0, 362.0, 296.0, 358.0, 258.0, 331.0, 284.0, 240.0, 322.0, 301.0, 340.0, 353.0, 358.0, 318.0, 299.0, 316.0, 256.0, 277.0, 381.0, 413.0, 317.0, 291.0, 370.0, 311.0, 400.0, 288.0, 397.0, 433.0, 304.0, 304.0, 277.0, 376.0, 309.0, 338.0, 336.0, 373.0, 334.0, 238.0, 352.0, 329.0, 344.0, 332.0, 345.0, 338.0, 349.0, 385.0, 278.0, 308.0, 284.0, 316.0, 324.0, 336.0, 340.0, 340.0, 328.0, 268.0, 334.0, 370.0, 395.0, 282.0, 370.0, 432.0, 329.0, 319.0, 348.0, 371.0, 255.0, 266.0, 354.0, 344.0, 324.0, 333.0, 286.0]","[100, 100, 100, 100, 100, 100, 100, 100, 100, 100, 100, 100, 100, 100, 100, 100, 100, 100, 100, 100, 100, 100, 100, 100, 100, 100, 100, 100, 100, 100, 100, 100, 100, 100, 100, 100, 100, 100, 100, 100, 100, 100, 100, 100, 100, 100, 100, 100, 100, 100, 100, 100, 100, 100, 100, 100, 100, 100, 100, 100, 100, 100, 100, 100, 100, 100, 100, 100, 100, 100, 100, 100, 100, 100, 100, 100, 100, 100, 100, 100, 100, 100, 100, 100, 100, 100, 100, 100, 100, 100, 100, 100, 100, 100, 100, 100, 100, 100, 100, 100]",0.5112375966434779,4.456102544128759,0.15129803201892644,0.3060079671802553,0.0,0.06127023696899414,0.0010552406311035156,0.13593435287475586,500.0,52.0,0.0,0.0,40.0,0.0,923302.5,67948.5859375,2.0794286727905273,0.01,64.00000762939453,1710728.625,1.817941665649414e-05
433.0,236.0,331.88,100.0,19,10000,0,19,433.0,236.0,331.88,0,0,0,28100,28000,28100,28000,1900,2000,189.45634847323433,199.42773523498352,28100,28100,28100,2000,28100,False,281,15,default,2024-05-19_19-07-35,1716170855,10.035732746124268,152.23860812187195,23928,LAPTOP-Q8FAPJED,127.0.0.1,152.23860812187195,15,28100,28000,28100,28000,562,28000,433.0,236.0,331.88,100.0,19,10000,0,19,433.0,236.0,331.88,433.0,236.0,331.88,100.0,19,10000,0,19,433.0,236.0,331.88,"[406.0, 411.0, 280.0, 290.0, 294.0, 384.0, 308.0, 317.0, 433.0, 362.0, 296.0, 358.0, 258.0, 331.0, 284.0, 240.0, 322.0, 301.0, 340.0, 353.0, 358.0, 318.0, 299.0, 316.0, 256.0, 277.0, 381.0, 413.0, 317.0, 291.0, 370.0, 311.0, 400.0, 288.0, 397.0, 433.0, 304.0, 304.0, 277.0, 376.0, 309.0, 338.0, 336.0, 373.0, 334.0, 238.0, 352.0, 329.0, 344.0, 332.0, 345.0, 338.0, 349.0, 385.0, 278.0, 308.0, 284.0, 316.0, 324.0, 336.0, 340.0, 340.0, 328.0, 268.0, 334.0, 370.0, 395.0, 282.0, 370.0, 432.0, 329.0, 319.0, 348.0, 371.0, 255.0, 266.0, 354.0, 344.0, 324.0, 333.0, 286.0, 365.0, 355.0, 337.0, 362.0, 236.0, 265.0, 298.0, 316.0, 408.0, 297.0, 401.0, 327.0, 401.0, 393.0, 338.0, 311.0, 339.0, 333.0, 316.0]","[100, 100, 100, 100, 100, 100, 100, 100, 100, 100, 100, 100, 100, 100, 100, 100, 100, 100, 100, 100, 100, 100, 100, 100, 100, 100, 100, 100, 100, 100, 100, 100, 100, 100, 100, 100, 100, 100, 100, 100, 100, 100, 100, 100, 100, 100, 100, 100, 100, 100, 100, 100, 100, 100, 100, 100, 100, 100, 100, 100, 100, 100, 100, 100, 100, 100, 100, 100, 100, 100, 100, 100, 100, 100, 100, 100, 100, 100, 100, 100, 100, 100, 100, 100, 100, 100, 100, 100, 100, 100, 100, 100, 100, 100, 100, 100, 100, 100, 100, 100]",0.5092310400638135,4.442954879321762,0.14919987520487304,0.3055682722044005,0.0,0.05310201644897461,5.1021575927734375e-05,0.12690448760986328,10134.45,0.0,266.551,265.556,0.0,28100,28000,28100,28000,562,28000,6.092857142857142,88.60714285714286,56,0.0,0.0,"[0.0, 0.0, 0.0, 0.0, 0.0]",97.069,0.0,2537.641,84328.709,"[406.0, 411.0, 280.0, 290.0, 294.0, 384.0, 308.0, 317.0, 433.0, 362.0, 296.0, 358.0, 258.0, 331.0, 284.0, 240.0, 322.0, 301.0, 340.0, 353.0, 358.0, 318.0, 299.0, 316.0, 256.0, 277.0, 381.0, 413.0, 317.0, 291.0, 370.0, 311.0, 400.0, 288.0, 397.0, 433.0, 304.0, 304.0, 277.0, 376.0, 309.0, 338.0, 336.0, 373.0, 334.0, 238.0, 352.0, 329.0, 344.0, 332.0, 345.0, 338.0, 349.0, 385.0, 278.0, 308.0, 284.0, 316.0, 324.0, 336.0, 340.0, 340.0, 328.0, 268.0, 334.0, 370.0, 395.0, 282.0, 370.0, 432.0, 329.0, 319.0, 348.0, 371.0, 255.0, 266.0, 354.0, 344.0, 324.0, 333.0, 286.0, 365.0, 355.0, 337.0, 362.0, 236.0, 265.0, 298.0, 316.0, 408.0, 297.0, 401.0, 327.0, 401.0, 393.0, 338.0, 311.0, 339.0, 333.0, 316.0]","[100, 100, 100, 100, 100, 100, 100, 100, 100, 100, 100, 100, 100, 100, 100, 100, 100, 100, 100, 100, 100, 100, 100, 100, 100, 100, 100, 100, 100, 100, 100, 100, 100, 100, 100, 100, 100, 100, 100, 100, 100, 100, 100, 100, 100, 100, 100, 100, 100, 100, 100, 100, 100, 100, 100, 100, 100, 100, 100, 100, 100, 100, 100, 100, 100, 100, 100, 100, 100, 100, 100, 100, 100, 100, 100, 100, 100, 100, 100, 100, 100, 100, 100, 100, 100, 100, 100, 100, 100, 100, 100, 100, 100, 100, 100, 100, 100, 100, 100, 100]",0.5092310400638135,4.442954879321762,0.14919987520487304,0.3055682722044005,0.0,0.05310201644897461,5.1021575927734375e-05,0.12690448760986328,"[406.0, 411.0, 280.0, 290.0, 294.0, 384.0, 308.0, 317.0, 433.0, 362.0, 296.0, 358.0, 258.0, 331.0, 284.0, 240.0, 322.0, 301.0, 340.0, 353.0, 358.0, 318.0, 299.0, 316.0, 256.0, 277.0, 381.0, 413.0, 317.0, 291.0, 370.0, 311.0, 400.0, 288.0, 397.0, 433.0, 304.0, 304.0, 277.0, 376.0, 309.0, 338.0, 336.0, 373.0, 334.0, 238.0, 352.0, 329.0, 344.0, 332.0, 345.0, 338.0, 349.0, 385.0, 278.0, 308.0, 284.0, 316.0, 324.0, 336.0, 340.0, 340.0, 328.0, 268.0, 334.0, 370.0, 395.0, 282.0, 370.0, 432.0, 329.0, 319.0, 348.0, 371.0, 255.0, 266.0, 354.0, 344.0, 324.0, 333.0, 286.0, 365.0, 355.0, 337.0, 362.0, 236.0, 265.0, 298.0, 316.0, 408.0, 297.0, 401.0, 327.0, 401.0, 393.0, 338.0, 311.0, 339.0, 333.0, 316.0]","[100, 100, 100, 100, 100, 100, 100, 100, 100, 100, 100, 100, 100, 100, 100, 100, 100, 100, 100, 100, 100, 100, 100, 100, 100, 100, 100, 100, 100, 100, 100, 100, 100, 100, 100, 100, 100, 100, 100, 100, 100, 100, 100, 100, 100, 100, 100, 100, 100, 100, 100, 100, 100, 100, 100, 100, 100, 100, 100, 100, 100, 100, 100, 100, 100, 100, 100, 100, 100, 100, 100, 100, 100, 100, 100, 100, 100, 100, 100, 100, 100, 100, 100, 100, 100, 100, 100, 100, 100, 100, 100, 100, 100, 100, 100, 100, 100, 100, 100, 100]",0.5092310400638135,4.442954879321762,0.14919987520487304,0.3055682722044005,0.0,0.05310201644897461,5.1021575927734375e-05,0.12690448760986328,500.0,56.0,0.0,0.0,40.0,0.0,1202781.875,83326.3203125,2.0794284343719482,0.01,64.00000762939453,2238932.0,7.808208465576172e-06
433.0,194.0,332.09,100.0,19,10000,0,19,433.0,194.0,332.09,0,0,0,30000,29500,30000,29500,1900,1500,184.44599654293552,145.61526042863332,30000,30000,30000,1500,30000,False,300,16,default,2024-05-19_19-07-46,1716170866,10.30111813545227,162.53972625732422,23928,LAPTOP-Q8FAPJED,127.0.0.1,162.53972625732422,16,30000,29500,30000,29500,600,30000,433.0,194.0,332.09,100.0,19,10000,0,19,433.0,194.0,332.09,433.0,194.0,332.09,100.0,19,10000,0,19,433.0,194.0,332.09,"[353.0, 358.0, 318.0, 299.0, 316.0, 256.0, 277.0, 381.0, 413.0, 317.0, 291.0, 370.0, 311.0, 400.0, 288.0, 397.0, 433.0, 304.0, 304.0, 277.0, 376.0, 309.0, 338.0, 336.0, 373.0, 334.0, 238.0, 352.0, 329.0, 344.0, 332.0, 345.0, 338.0, 349.0, 385.0, 278.0, 308.0, 284.0, 316.0, 324.0, 336.0, 340.0, 340.0, 328.0, 268.0, 334.0, 370.0, 395.0, 282.0, 370.0, 432.0, 329.0, 319.0, 348.0, 371.0, 255.0, 266.0, 354.0, 344.0, 324.0, 333.0, 286.0, 365.0, 355.0, 337.0, 362.0, 236.0, 265.0, 298.0, 316.0, 408.0, 297.0, 401.0, 327.0, 401.0, 393.0, 338.0, 311.0, 339.0, 333.0, 316.0, 411.0, 306.0, 343.0, 341.0, 358.0, 329.0, 316.0, 292.0, 308.0, 375.0, 194.0, 350.0, 290.0, 241.0, 411.0, 337.0, 364.0, 327.0, 343.0]","[100, 100, 100, 100, 100, 100, 100, 100, 100, 100, 100, 100, 100, 100, 100, 100, 100, 100, 100, 100, 100, 100, 100, 100, 100, 100, 100, 100, 100, 100, 100, 100, 100, 100, 100, 100, 100, 100, 100, 100, 100, 100, 100, 100, 100, 100, 100, 100, 100, 100, 100, 100, 100, 100, 100, 100, 100, 100, 100, 100, 100, 100, 100, 100, 100, 100, 100, 100, 100, 100, 100, 100, 100, 100, 100, 100, 100, 100, 100, 100, 100, 100, 100, 100, 100, 100, 100, 100, 100, 100, 100, 100, 100, 100, 100, 100, 100, 100, 100, 100]",0.5082356373657513,4.432596294981864,0.14846745537757713,0.3058265493162776,0.0,0.06356239318847656,5.1021575927734375e-05,0.16815543174743652,10147.209,0.0,271.627,269.748,0.0,30000,29500,30000,29500,600,30000,5.380000000000001,87.79333333333334,59,0.0,0.0,"[0.0, 0.0, 0.0, 0.0, 0.0]",93.717,0.0,2506.861,84328.709,"[353.0, 358.0, 318.0, 299.0, 316.0, 256.0, 277.0, 381.0, 413.0, 317.0, 291.0, 370.0, 311.0, 400.0, 288.0, 397.0, 433.0, 304.0, 304.0, 277.0, 376.0, 309.0, 338.0, 336.0, 373.0, 334.0, 238.0, 352.0, 329.0, 344.0, 332.0, 345.0, 338.0, 349.0, 385.0, 278.0, 308.0, 284.0, 316.0, 324.0, 336.0, 340.0, 340.0, 328.0, 268.0, 334.0, 370.0, 395.0, 282.0, 370.0, 432.0, 329.0, 319.0, 348.0, 371.0, 255.0, 266.0, 354.0, 344.0, 324.0, 333.0, 286.0, 365.0, 355.0, 337.0, 362.0, 236.0, 265.0, 298.0, 316.0, 408.0, 297.0, 401.0, 327.0, 401.0, 393.0, 338.0, 311.0, 339.0, 333.0, 316.0, 411.0, 306.0, 343.0, 341.0, 358.0, 329.0, 316.0, 292.0, 308.0, 375.0, 194.0, 350.0, 290.0, 241.0, 411.0, 337.0, 364.0, 327.0, 343.0]","[100, 100, 100, 100, 100, 100, 100, 100, 100, 100, 100, 100, 100, 100, 100, 100, 100, 100, 100, 100, 100, 100, 100, 100, 100, 100, 100, 100, 100, 100, 100, 100, 100, 100, 100, 100, 100, 100, 100, 100, 100, 100, 100, 100, 100, 100, 100, 100, 100, 100, 100, 100, 100, 100, 100, 100, 100, 100, 100, 100, 100, 100, 100, 100, 100, 100, 100, 100, 100, 100, 100, 100, 100, 100, 100, 100, 100, 100, 100, 100, 100, 100, 100, 100, 100, 100, 100, 100, 100, 100, 100, 100, 100, 100, 100, 100, 100, 100, 100, 100]",0.5082356373657513,4.432596294981864,0.14846745537757713,0.3058265493162776,0.0,0.06356239318847656,5.1021575927734375e-05,0.16815543174743652,"[353.0, 358.0, 318.0, 299.0, 316.0, 256.0, 277.0, 381.0, 413.0, 317.0, 291.0, 370.0, 311.0, 400.0, 288.0, 397.0, 433.0, 304.0, 304.0, 277.0, 376.0, 309.0, 338.0, 336.0, 373.0, 334.0, 238.0, 352.0, 329.0, 344.0, 332.0, 345.0, 338.0, 349.0, 385.0, 278.0, 308.0, 284.0, 316.0, 324.0, 336.0, 340.0, 340.0, 328.0, 268.0, 334.0, 370.0, 395.0, 282.0, 370.0, 432.0, 329.0, 319.0, 348.0, 371.0, 255.0, 266.0, 354.0, 344.0, 324.0, 333.0, 286.0, 365.0, 355.0, 337.0, 362.0, 236.0, 265.0, 298.0, 316.0, 408.0, 297.0, 401.0, 327.0, 401.0, 393.0, 338.0, 311.0, 339.0, 333.0, 316.0, 411.0, 306.0, 343.0, 341.0, 358.0, 329.0, 316.0, 292.0, 308.0, 375.0, 194.0, 350.0, 290.0, 241.0, 411.0, 337.0, 364.0, 327.0, 343.0]","[100, 100, 100, 100, 100, 100, 100, 100, 100, 100, 100, 100, 100, 100, 100, 100, 100, 100, 100, 100, 100, 100, 100, 100, 100, 100, 100, 100, 100, 100, 100, 100, 100, 100, 100, 100, 100, 100, 100, 100, 100, 100, 100, 100, 100, 100, 100, 100, 100, 100, 100, 100, 100, 100, 100, 100, 100, 100, 100, 100, 100, 100, 100, 100, 100, 100, 100, 100, 100, 100, 100, 100, 100, 100, 100, 100, 100, 100, 100, 100, 100, 100, 100, 100, 100, 100, 100, 100, 100, 100, 100, 100, 100, 100, 100, 100, 100, 100, 100, 100]",0.5082356373657513,4.432596294981864,0.14846745537757713,0.3058265493162776,0.0,0.06356239318847656,5.1021575927734375e-05,0.16815543174743652,500.0,59.0,0.0,0.0,40.0,0.0,949933.1875,69731.859375,2.079427719116211,0.01,64.00000762939453,1760423.5,3.5762786865234375e-06
432.0,194.0,333.21,100.0,18,10000,0,18,432.0,194.0,333.21,0,0,0,31800,31500,31800,31500,1800,2000,179.1321390759215,199.03571008435722,31800,31800,31800,2000,31800,False,318,17,default,2024-05-19_19-07-56,1716170876,10.048448085784912,172.58817434310913,23928,LAPTOP-Q8FAPJED,127.0.0.1,172.58817434310913,17,31800,31500,31800,31500,636,31500,432.0,194.0,333.21,100.0,18,10000,0,18,432.0,194.0,333.21,432.0,194.0,333.21,100.0,18,10000,0,18,432.0,194.0,333.21,"[304.0, 277.0, 376.0, 309.0, 338.0, 336.0, 373.0, 334.0, 238.0, 352.0, 329.0, 344.0, 332.0, 345.0, 338.0, 349.0, 385.0, 278.0, 308.0, 284.0, 316.0, 324.0, 336.0, 340.0, 340.0, 328.0, 268.0, 334.0, 370.0, 395.0, 282.0, 370.0, 432.0, 329.0, 319.0, 348.0, 371.0, 255.0, 266.0, 354.0, 344.0, 324.0, 333.0, 286.0, 365.0, 355.0, 337.0, 362.0, 236.0, 265.0, 298.0, 316.0, 408.0, 297.0, 401.0, 327.0, 401.0, 393.0, 338.0, 311.0, 339.0, 333.0, 316.0, 411.0, 306.0, 343.0, 341.0, 358.0, 329.0, 316.0, 292.0, 308.0, 375.0, 194.0, 350.0, 290.0, 241.0, 411.0, 337.0, 364.0, 327.0, 343.0, 371.0, 420.0, 339.0, 314.0, 353.0, 335.0, 398.0, 355.0, 383.0, 338.0, 298.0, 325.0, 403.0, 250.0, 379.0, 339.0, 267.0, 327.0]","[100, 100, 100, 100, 100, 100, 100, 100, 100, 100, 100, 100, 100, 100, 100, 100, 100, 100, 100, 100, 100, 100, 100, 100, 100, 100, 100, 100, 100, 100, 100, 100, 100, 100, 100, 100, 100, 100, 100, 100, 100, 100, 100, 100, 100, 100, 100, 100, 100, 100, 100, 100, 100, 100, 100, 100, 100, 100, 100, 100, 100, 100, 100, 100, 100, 100, 100, 100, 100, 100, 100, 100, 100, 100, 100, 100, 100, 100, 100, 100, 100, 100, 100, 100, 100, 100, 100, 100, 100, 100, 100, 100, 100, 100, 100, 100, 100, 100, 100, 100]",0.5081460032314677,4.424587805199113,0.14854670517293692,0.3068260387486442,0.0,0.06572818756103516,5.1021575927734375e-05,0.15114688873291016,10128.868,0.0,285.672,284.004,0.0,31800,31500,31800,31500,636,31500,6.035714285714285,87.48571428571428,63,0.0,0.0,"[0.0, 0.0, 0.0, 0.0, 0.0]",103.266,0.0,2633.731,84328.709,"[304.0, 277.0, 376.0, 309.0, 338.0, 336.0, 373.0, 334.0, 238.0, 352.0, 329.0, 344.0, 332.0, 345.0, 338.0, 349.0, 385.0, 278.0, 308.0, 284.0, 316.0, 324.0, 336.0, 340.0, 340.0, 328.0, 268.0, 334.0, 370.0, 395.0, 282.0, 370.0, 432.0, 329.0, 319.0, 348.0, 371.0, 255.0, 266.0, 354.0, 344.0, 324.0, 333.0, 286.0, 365.0, 355.0, 337.0, 362.0, 236.0, 265.0, 298.0, 316.0, 408.0, 297.0, 401.0, 327.0, 401.0, 393.0, 338.0, 311.0, 339.0, 333.0, 316.0, 411.0, 306.0, 343.0, 341.0, 358.0, 329.0, 316.0, 292.0, 308.0, 375.0, 194.0, 350.0, 290.0, 241.0, 411.0, 337.0, 364.0, 327.0, 343.0, 371.0, 420.0, 339.0, 314.0, 353.0, 335.0, 398.0, 355.0, 383.0, 338.0, 298.0, 325.0, 403.0, 250.0, 379.0, 339.0, 267.0, 327.0]","[100, 100, 100, 100, 100, 100, 100, 100, 100, 100, 100, 100, 100, 100, 100, 100, 100, 100, 100, 100, 100, 100, 100, 100, 100, 100, 100, 100, 100, 100, 100, 100, 100, 100, 100, 100, 100, 100, 100, 100, 100, 100, 100, 100, 100, 100, 100, 100, 100, 100, 100, 100, 100, 100, 100, 100, 100, 100, 100, 100, 100, 100, 100, 100, 100, 100, 100, 100, 100, 100, 100, 100, 100, 100, 100, 100, 100, 100, 100, 100, 100, 100, 100, 100, 100, 100, 100, 100, 100, 100, 100, 100, 100, 100, 100, 100, 100, 100, 100, 100]",0.5081460032314677,4.424587805199113,0.14854670517293692,0.3068260387486442,0.0,0.06572818756103516,5.1021575927734375e-05,0.15114688873291016,"[304.0, 277.0, 376.0, 309.0, 338.0, 336.0, 373.0, 334.0, 238.0, 352.0, 329.0, 344.0, 332.0, 345.0, 338.0, 349.0, 385.0, 278.0, 308.0, 284.0, 316.0, 324.0, 336.0, 340.0, 340.0, 328.0, 268.0, 334.0, 370.0, 395.0, 282.0, 370.0, 432.0, 329.0, 319.0, 348.0, 371.0, 255.0, 266.0, 354.0, 344.0, 324.0, 333.0, 286.0, 365.0, 355.0, 337.0, 362.0, 236.0, 265.0, 298.0, 316.0, 408.0, 297.0, 401.0, 327.0, 401.0, 393.0, 338.0, 311.0, 339.0, 333.0, 316.0, 411.0, 306.0, 343.0, 341.0, 358.0, 329.0, 316.0, 292.0, 308.0, 375.0, 194.0, 350.0, 290.0, 241.0, 411.0, 337.0, 364.0, 327.0, 343.0, 371.0, 420.0, 339.0, 314.0, 353.0, 335.0, 398.0, 355.0, 383.0, 338.0, 298.0, 325.0, 403.0, 250.0, 379.0, 339.0, 267.0, 327.0]","[100, 100, 100, 100, 100, 100, 100, 100, 100, 100, 100, 100, 100, 100, 100, 100, 100, 100, 100, 100, 100, 100, 100, 100, 100, 100, 100, 100, 100, 100, 100, 100, 100, 100, 100, 100, 100, 100, 100, 100, 100, 100, 100, 100, 100, 100, 100, 100, 100, 100, 100, 100, 100, 100, 100, 100, 100, 100, 100, 100, 100, 100, 100, 100, 100, 100, 100, 100, 100, 100, 100, 100, 100, 100, 100, 100, 100, 100, 100, 100, 100, 100, 100, 100, 100, 100, 100, 100, 100, 100, 100, 100, 100, 100, 100, 100, 100, 100, 100, 100]",0.5081460032314677,4.424587805199113,0.14854670517293692,0.3068260387486442,0.0,0.06572818756103516,5.1021575927734375e-05,0.15114688873291016,500.0,63.0,0.0,0.0,40.0,0.0,1092852.25,78846.2734375,2.0794291496276855,0.01,64.00000762939453,2028032.875,-7.152557373046875e-07
432.0,194.0,331.8,100.0,20,10000,0,20,432.0,194.0,331.8,0,0,0,33850,33500,33850,33500,2050,2000,203.22344033526872,198.26677105879875,33850,33850,33850,2000,33850,False,338,18,default,2024-05-19_19-08-06,1716170886,10.087648868560791,182.67582321166992,23928,LAPTOP-Q8FAPJED,127.0.0.1,182.67582321166992,18,33850,33500,33850,33500,677,33500,432.0,194.0,331.8,100.0,20,10000,0,20,432.0,194.0,331.8,432.0,194.0,331.8,100.0,20,10000,0,20,432.0,194.0,331.8,"[316.0, 324.0, 336.0, 340.0, 340.0, 328.0, 268.0, 334.0, 370.0, 395.0, 282.0, 370.0, 432.0, 329.0, 319.0, 348.0, 371.0, 255.0, 266.0, 354.0, 344.0, 324.0, 333.0, 286.0, 365.0, 355.0, 337.0, 362.0, 236.0, 265.0, 298.0, 316.0, 408.0, 297.0, 401.0, 327.0, 401.0, 393.0, 338.0, 311.0, 339.0, 333.0, 316.0, 411.0, 306.0, 343.0, 341.0, 358.0, 329.0, 316.0, 292.0, 308.0, 375.0, 194.0, 350.0, 290.0, 241.0, 411.0, 337.0, 364.0, 327.0, 343.0, 371.0, 420.0, 339.0, 314.0, 353.0, 335.0, 398.0, 355.0, 383.0, 338.0, 298.0, 325.0, 403.0, 250.0, 379.0, 339.0, 267.0, 327.0, 304.0, 301.0, 302.0, 283.0, 251.0, 336.0, 323.0, 268.0, 346.0, 304.0, 345.0, 373.0, 324.0, 312.0, 351.0, 341.0, 260.0, 380.0, 328.0, 356.0]","[100, 100, 100, 100, 100, 100, 100, 100, 100, 100, 100, 100, 100, 100, 100, 100, 100, 100, 100, 100, 100, 100, 100, 100, 100, 100, 100, 100, 100, 100, 100, 100, 100, 100, 100, 100, 100, 100, 100, 100, 100, 100, 100, 100, 100, 100, 100, 100, 100, 100, 100, 100, 100, 100, 100, 100, 100, 100, 100, 100, 100, 100, 100, 100, 100, 100, 100, 100, 100, 100, 100, 100, 100, 100, 100, 100, 100, 100, 100, 100, 100, 100, 100, 100, 100, 100, 100, 100, 100, 100, 100, 100, 100, 100, 100, 100, 100, 100, 100, 100]",0.507725638405772,4.410824902354167,0.14861696659368537,0.3073864514774873,0.0,0.05533146858215332,0.0010247230529785156,0.17232227325439453,10121.947,0.0,169.901,169.502,0.0,33850,33500,33850,33500,677,33500,5.771428571428572,88.03571428571429,67,0.0,0.0,"[0.0, 0.0, 0.0, 0.0, 0.0]",86.501,0.207,2612.706,76072.139,"[316.0, 324.0, 336.0, 340.0, 340.0, 328.0, 268.0, 334.0, 370.0, 395.0, 282.0, 370.0, 432.0, 329.0, 319.0, 348.0, 371.0, 255.0, 266.0, 354.0, 344.0, 324.0, 333.0, 286.0, 365.0, 355.0, 337.0, 362.0, 236.0, 265.0, 298.0, 316.0, 408.0, 297.0, 401.0, 327.0, 401.0, 393.0, 338.0, 311.0, 339.0, 333.0, 316.0, 411.0, 306.0, 343.0, 341.0, 358.0, 329.0, 316.0, 292.0, 308.0, 375.0, 194.0, 350.0, 290.0, 241.0, 411.0, 337.0, 364.0, 327.0, 343.0, 371.0, 420.0, 339.0, 314.0, 353.0, 335.0, 398.0, 355.0, 383.0, 338.0, 298.0, 325.0, 403.0, 250.0, 379.0, 339.0, 267.0, 327.0, 304.0, 301.0, 302.0, 283.0, 251.0, 336.0, 323.0, 268.0, 346.0, 304.0, 345.0, 373.0, 324.0, 312.0, 351.0, 341.0, 260.0, 380.0, 328.0, 356.0]","[100, 100, 100, 100, 100, 100, 100, 100, 100, 100, 100, 100, 100, 100, 100, 100, 100, 100, 100, 100, 100, 100, 100, 100, 100, 100, 100, 100, 100, 100, 100, 100, 100, 100, 100, 100, 100, 100, 100, 100, 100, 100, 100, 100, 100, 100, 100, 100, 100, 100, 100, 100, 100, 100, 100, 100, 100, 100, 100, 100, 100, 100, 100, 100, 100, 100, 100, 100, 100, 100, 100, 100, 100, 100, 100, 100, 100, 100, 100, 100, 100, 100, 100, 100, 100, 100, 100, 100, 100, 100, 100, 100, 100, 100, 100, 100, 100, 100, 100, 100]",0.507725638405772,4.410824902354167,0.14861696659368537,0.3073864514774873,0.0,0.05533146858215332,0.0010247230529785156,0.17232227325439453,"[316.0, 324.0, 336.0, 340.0, 340.0, 328.0, 268.0, 334.0, 370.0, 395.0, 282.0, 370.0, 432.0, 329.0, 319.0, 348.0, 371.0, 255.0, 266.0, 354.0, 344.0, 324.0, 333.0, 286.0, 365.0, 355.0, 337.0, 362.0, 236.0, 265.0, 298.0, 316.0, 408.0, 297.0, 401.0, 327.0, 401.0, 393.0, 338.0, 311.0, 339.0, 333.0, 316.0, 411.0, 306.0, 343.0, 341.0, 358.0, 329.0, 316.0, 292.0, 308.0, 375.0, 194.0, 350.0, 290.0, 241.0, 411.0, 337.0, 364.0, 327.0, 343.0, 371.0, 420.0, 339.0, 314.0, 353.0, 335.0, 398.0, 355.0, 383.0, 338.0, 298.0, 325.0, 403.0, 250.0, 379.0, 339.0, 267.0, 327.0, 304.0, 301.0, 302.0, 283.0, 251.0, 336.0, 323.0, 268.0, 346.0, 304.0, 345.0, 373.0, 324.0, 312.0, 351.0, 341.0, 260.0, 380.0, 328.0, 356.0]","[100, 100, 100, 100, 100, 100, 100, 100, 100, 100, 100, 100, 100, 100, 100, 100, 100, 100, 100, 100, 100, 100, 100, 100, 100, 100, 100, 100, 100, 100, 100, 100, 100, 100, 100, 100, 100, 100, 100, 100, 100, 100, 100, 100, 100, 100, 100, 100, 100, 100, 100, 100, 100, 100, 100, 100, 100, 100, 100, 100, 100, 100, 100, 100, 100, 100, 100, 100, 100, 100, 100, 100, 100, 100, 100, 100, 100, 100, 100, 100, 100, 100, 100, 100, 100, 100, 100, 100, 100, 100, 100, 100, 100, 100, 100, 100, 100, 100, 100, 100]",0.507725638405772,4.410824902354167,0.14861696659368537,0.3073864514774873,0.0,0.05533146858215332,0.0010247230529785156,0.17232227325439453,500.0,67.0,0.0,0.0,40.0,0.0,987595.875,72102.109375,2.0794289112091064,0.01,64.00000762939453,1831008.375,3.874301910400391e-06
431.0,194.0,329.76,100.0,33,10000,0,33,431.0,194.0,329.76,0,0,0,37150,37000,37150,37000,3300,3500,329.487979483253,349.45694793678354,37150,37150,37150,3500,37150,False,371,19,default,2024-05-19_19-08-16,1716170896,10.01654863357544,192.69237184524536,23928,LAPTOP-Q8FAPJED,127.0.0.1,192.69237184524536,19,37150,37000,37150,37000,743,37000,431.0,194.0,329.76,100.0,33,10000,0,33,431.0,194.0,329.76,431.0,194.0,329.76,100.0,33,10000,0,33,431.0,194.0,329.76,"[297.0, 401.0, 327.0, 401.0, 393.0, 338.0, 311.0, 339.0, 333.0, 316.0, 411.0, 306.0, 343.0, 341.0, 358.0, 329.0, 316.0, 292.0, 308.0, 375.0, 194.0, 350.0, 290.0, 241.0, 411.0, 337.0, 364.0, 327.0, 343.0, 371.0, 420.0, 339.0, 314.0, 353.0, 335.0, 398.0, 355.0, 383.0, 338.0, 298.0, 325.0, 403.0, 250.0, 379.0, 339.0, 267.0, 327.0, 304.0, 301.0, 302.0, 283.0, 251.0, 336.0, 323.0, 268.0, 346.0, 304.0, 345.0, 373.0, 324.0, 312.0, 351.0, 341.0, 260.0, 380.0, 328.0, 356.0, 276.0, 305.0, 325.0, 403.0, 282.0, 331.0, 283.0, 385.0, 377.0, 378.0, 257.0, 310.0, 323.0, 278.0, 335.0, 305.0, 306.0, 369.0, 217.0, 300.0, 261.0, 369.0, 316.0, 340.0, 315.0, 347.0, 289.0, 384.0, 334.0, 306.0, 292.0, 431.0, 373.0]","[100, 100, 100, 100, 100, 100, 100, 100, 100, 100, 100, 100, 100, 100, 100, 100, 100, 100, 100, 100, 100, 100, 100, 100, 100, 100, 100, 100, 100, 100, 100, 100, 100, 100, 100, 100, 100, 100, 100, 100, 100, 100, 100, 100, 100, 100, 100, 100, 100, 100, 100, 100, 100, 100, 100, 100, 100, 100, 100, 100, 100, 100, 100, 100, 100, 100, 100, 100, 100, 100, 100, 100, 100, 100, 100, 100, 100, 100, 100, 100, 100, 100, 100, 100, 100, 100, 100, 100, 100, 100, 100, 100, 100, 100, 100, 100, 100, 100, 100, 100]",0.49996177888109217,4.344214315753939,0.1468116961169538,0.3041413779565188,0.0,0.04846978187561035,0.0010247230529785156,0.14436721801757812,10116.779,0.0,136.19,135.89,0.0,37150,37000,37150,37000,743,37000,3.6333333333333333,88.23333333333333,74,0.0,0.0,"[0.0, 0.0, 0.0, 0.0, 0.0]",46.201,0.207,1830.225,76072.139,"[297.0, 401.0, 327.0, 401.0, 393.0, 338.0, 311.0, 339.0, 333.0, 316.0, 411.0, 306.0, 343.0, 341.0, 358.0, 329.0, 316.0, 292.0, 308.0, 375.0, 194.0, 350.0, 290.0, 241.0, 411.0, 337.0, 364.0, 327.0, 343.0, 371.0, 420.0, 339.0, 314.0, 353.0, 335.0, 398.0, 355.0, 383.0, 338.0, 298.0, 325.0, 403.0, 250.0, 379.0, 339.0, 267.0, 327.0, 304.0, 301.0, 302.0, 283.0, 251.0, 336.0, 323.0, 268.0, 346.0, 304.0, 345.0, 373.0, 324.0, 312.0, 351.0, 341.0, 260.0, 380.0, 328.0, 356.0, 276.0, 305.0, 325.0, 403.0, 282.0, 331.0, 283.0, 385.0, 377.0, 378.0, 257.0, 310.0, 323.0, 278.0, 335.0, 305.0, 306.0, 369.0, 217.0, 300.0, 261.0, 369.0, 316.0, 340.0, 315.0, 347.0, 289.0, 384.0, 334.0, 306.0, 292.0, 431.0, 373.0]","[100, 100, 100, 100, 100, 100, 100, 100, 100, 100, 100, 100, 100, 100, 100, 100, 100, 100, 100, 100, 100, 100, 100, 100, 100, 100, 100, 100, 100, 100, 100, 100, 100, 100, 100, 100, 100, 100, 100, 100, 100, 100, 100, 100, 100, 100, 100, 100, 100, 100, 100, 100, 100, 100, 100, 100, 100, 100, 100, 100, 100, 100, 100, 100, 100, 100, 100, 100, 100, 100, 100, 100, 100, 100, 100, 100, 100, 100, 100, 100, 100, 100, 100, 100, 100, 100, 100, 100, 100, 100, 100, 100, 100, 100, 100, 100, 100, 100, 100, 100]",0.49996177888109217,4.344214315753939,0.1468116961169538,0.3041413779565188,0.0,0.04846978187561035,0.0010247230529785156,0.14436721801757812,"[297.0, 401.0, 327.0, 401.0, 393.0, 338.0, 311.0, 339.0, 333.0, 316.0, 411.0, 306.0, 343.0, 341.0, 358.0, 329.0, 316.0, 292.0, 308.0, 375.0, 194.0, 350.0, 290.0, 241.0, 411.0, 337.0, 364.0, 327.0, 343.0, 371.0, 420.0, 339.0, 314.0, 353.0, 335.0, 398.0, 355.0, 383.0, 338.0, 298.0, 325.0, 403.0, 250.0, 379.0, 339.0, 267.0, 327.0, 304.0, 301.0, 302.0, 283.0, 251.0, 336.0, 323.0, 268.0, 346.0, 304.0, 345.0, 373.0, 324.0, 312.0, 351.0, 341.0, 260.0, 380.0, 328.0, 356.0, 276.0, 305.0, 325.0, 403.0, 282.0, 331.0, 283.0, 385.0, 377.0, 378.0, 257.0, 310.0, 323.0, 278.0, 335.0, 305.0, 306.0, 369.0, 217.0, 300.0, 261.0, 369.0, 316.0, 340.0, 315.0, 347.0, 289.0, 384.0, 334.0, 306.0, 292.0, 431.0, 373.0]","[100, 100, 100, 100, 100, 100, 100, 100, 100, 100, 100, 100, 100, 100, 100, 100, 100, 100, 100, 100, 100, 100, 100, 100, 100, 100, 100, 100, 100, 100, 100, 100, 100, 100, 100, 100, 100, 100, 100, 100, 100, 100, 100, 100, 100, 100, 100, 100, 100, 100, 100, 100, 100, 100, 100, 100, 100, 100, 100, 100, 100, 100, 100, 100, 100, 100, 100, 100, 100, 100, 100, 100, 100, 100, 100, 100, 100, 100, 100, 100, 100, 100, 100, 100, 100, 100, 100, 100, 100, 100, 100, 100, 100, 100, 100, 100, 100, 100, 100, 100]",0.49996177888109217,4.344214315753939,0.1468116961169538,0.3041413779565188,0.0,0.04846978187561035,0.0010247230529785156,0.14436721801757812,500.0,74.0,0.0,0.0,40.0,0.0,1335459.125,89383.59375,2.0794286727905273,0.01,64.00000762939453,2492171.75,-2.384185791015625e-07
431.0,202.0,326.34,100.0,26,10000,0,26,431.0,202.0,326.34,0,0,0,39750,39500,39750,39500,2600,2500,255.32709791975617,245.50682492284247,39750,39750,39750,2500,39750,False,397,20,default,2024-05-19_19-08-26,1716170906,10.184051752090454,202.87642359733582,23928,LAPTOP-Q8FAPJED,127.0.0.1,202.87642359733582,20,39750,39500,39750,39500,795,39500,431.0,202.0,326.34,100.0,26,10000,0,26,431.0,202.0,326.34,431.0,202.0,326.34,100.0,26,10000,0,26,431.0,202.0,326.34,"[364.0, 327.0, 343.0, 371.0, 420.0, 339.0, 314.0, 353.0, 335.0, 398.0, 355.0, 383.0, 338.0, 298.0, 325.0, 403.0, 250.0, 379.0, 339.0, 267.0, 327.0, 304.0, 301.0, 302.0, 283.0, 251.0, 336.0, 323.0, 268.0, 346.0, 304.0, 345.0, 373.0, 324.0, 312.0, 351.0, 341.0, 260.0, 380.0, 328.0, 356.0, 276.0, 305.0, 325.0, 403.0, 282.0, 331.0, 283.0, 385.0, 377.0, 378.0, 257.0, 310.0, 323.0, 278.0, 335.0, 305.0, 306.0, 369.0, 217.0, 300.0, 261.0, 369.0, 316.0, 340.0, 315.0, 347.0, 289.0, 384.0, 334.0, 306.0, 292.0, 431.0, 373.0, 315.0, 324.0, 303.0, 263.0, 288.0, 253.0, 321.0, 320.0, 337.0, 303.0, 325.0, 202.0, 372.0, 376.0, 278.0, 346.0, 352.0, 337.0, 314.0, 351.0, 361.0, 299.0, 349.0, 310.0, 385.0, 332.0]","[100, 100, 100, 100, 100, 100, 100, 100, 100, 100, 100, 100, 100, 100, 100, 100, 100, 100, 100, 100, 100, 100, 100, 100, 100, 100, 100, 100, 100, 100, 100, 100, 100, 100, 100, 100, 100, 100, 100, 100, 100, 100, 100, 100, 100, 100, 100, 100, 100, 100, 100, 100, 100, 100, 100, 100, 100, 100, 100, 100, 100, 100, 100, 100, 100, 100, 100, 100, 100, 100, 100, 100, 100, 100, 100, 100, 100, 100, 100, 100, 100, 100, 100, 100, 100, 100, 100, 100, 100, 100, 100, 100, 100, 100, 100, 100, 100, 100, 100, 100]",0.4916583189843199,4.278198417535276,0.14473927350286556,0.29967416941264086,0.0,0.038925886154174805,0.0010247230529785156,0.10081958770751953,10129.849,0.0,269.867,267.988,0.0,39750,39500,39750,39500,795,39500,4.042857142857143,87.72857142857141,79,0.0,0.0,"[0.0, 0.0, 0.0, 0.0, 0.0]",48.59,0.207,1627.255,76072.139,"[364.0, 327.0, 343.0, 371.0, 420.0, 339.0, 314.0, 353.0, 335.0, 398.0, 355.0, 383.0, 338.0, 298.0, 325.0, 403.0, 250.0, 379.0, 339.0, 267.0, 327.0, 304.0, 301.0, 302.0, 283.0, 251.0, 336.0, 323.0, 268.0, 346.0, 304.0, 345.0, 373.0, 324.0, 312.0, 351.0, 341.0, 260.0, 380.0, 328.0, 356.0, 276.0, 305.0, 325.0, 403.0, 282.0, 331.0, 283.0, 385.0, 377.0, 378.0, 257.0, 310.0, 323.0, 278.0, 335.0, 305.0, 306.0, 369.0, 217.0, 300.0, 261.0, 369.0, 316.0, 340.0, 315.0, 347.0, 289.0, 384.0, 334.0, 306.0, 292.0, 431.0, 373.0, 315.0, 324.0, 303.0, 263.0, 288.0, 253.0, 321.0, 320.0, 337.0, 303.0, 325.0, 202.0, 372.0, 376.0, 278.0, 346.0, 352.0, 337.0, 314.0, 351.0, 361.0, 299.0, 349.0, 310.0, 385.0, 332.0]","[100, 100, 100, 100, 100, 100, 100, 100, 100, 100, 100, 100, 100, 100, 100, 100, 100, 100, 100, 100, 100, 100, 100, 100, 100, 100, 100, 100, 100, 100, 100, 100, 100, 100, 100, 100, 100, 100, 100, 100, 100, 100, 100, 100, 100, 100, 100, 100, 100, 100, 100, 100, 100, 100, 100, 100, 100, 100, 100, 100, 100, 100, 100, 100, 100, 100, 100, 100, 100, 100, 100, 100, 100, 100, 100, 100, 100, 100, 100, 100, 100, 100, 100, 100, 100, 100, 100, 100, 100, 100, 100, 100, 100, 100, 100, 100, 100, 100, 100, 100]",0.4916583189843199,4.278198417535276,0.14473927350286556,0.29967416941264086,0.0,0.038925886154174805,0.0010247230529785156,0.10081958770751953,"[364.0, 327.0, 343.0, 371.0, 420.0, 339.0, 314.0, 353.0, 335.0, 398.0, 355.0, 383.0, 338.0, 298.0, 325.0, 403.0, 250.0, 379.0, 339.0, 267.0, 327.0, 304.0, 301.0, 302.0, 283.0, 251.0, 336.0, 323.0, 268.0, 346.0, 304.0, 345.0, 373.0, 324.0, 312.0, 351.0, 341.0, 260.0, 380.0, 328.0, 356.0, 276.0, 305.0, 325.0, 403.0, 282.0, 331.0, 283.0, 385.0, 377.0, 378.0, 257.0, 310.0, 323.0, 278.0, 335.0, 305.0, 306.0, 369.0, 217.0, 300.0, 261.0, 369.0, 316.0, 340.0, 315.0, 347.0, 289.0, 384.0, 334.0, 306.0, 292.0, 431.0, 373.0, 315.0, 324.0, 303.0, 263.0, 288.0, 253.0, 321.0, 320.0, 337.0, 303.0, 325.0, 202.0, 372.0, 376.0, 278.0, 346.0, 352.0, 337.0, 314.0, 351.0, 361.0, 299.0, 349.0, 310.0, 385.0, 332.0]","[100, 100, 100, 100, 100, 100, 100, 100, 100, 100, 100, 100, 100, 100, 100, 100, 100, 100, 100, 100, 100, 100, 100, 100, 100, 100, 100, 100, 100, 100, 100, 100, 100, 100, 100, 100, 100, 100, 100, 100, 100, 100, 100, 100, 100, 100, 100, 100, 100, 100, 100, 100, 100, 100, 100, 100, 100, 100, 100, 100, 100, 100, 100, 100, 100, 100, 100, 100, 100, 100, 100, 100, 100, 100, 100, 100, 100, 100, 100, 100, 100, 100, 100, 100, 100, 100, 100, 100, 100, 100, 100, 100, 100, 100, 100, 100, 100, 100, 100, 100]",0.4916583189843199,4.278198417535276,0.14473927350286556,0.29967416941264086,0.0,0.038925886154174805,0.0010247230529785156,0.10081958770751953,500.0,79.0,0.0,0.0,40.0,0.0,1066853.125,76652.3828125,2.0794286727905273,0.01,64.00000762939453,1980422.375,-7.510185241699219e-06
